entry_date,open_tt,open_tf,open_ft,open_ff
2018-01-30,-4.123711340206185,,-0.5317160424784184,-0.47393364928909953
2018-01-31,,,0.06649296878966626,-0.3720975578051119
2018-02-01,,,-0.7415254237288136,
2018-02-06,,,-5.244755244755245,
2018-02-12,,,1.002865329512894,
2018-02-13,0.9009009009009009,,,0.5309734513274336
2018-02-14,,,,0.11464456703110024
2018-02-19,,,-0.9124087591240875,-0.4746323964205464
2018-02-20,3.8023809157131194,,,0.25643941547734117
2018-02-21,,,-0.3424220216575117,-0.7087117336981603
2018-02-22,,,0.7631744943968974,0.6149147317145005
2018-02-23,,,0.0,1.1698645545376443
2018-02-26,,,,0.505454507069434
2018-02-27,-1.2415349887133182,,-1.1887025779337195,-0.6248869213426419
2018-02-28,,,-1.7952916630405307,-1.1915146998567152
2018-03-02,-1.1259676284306825,,0.2304147465437788,0.13057644341661134
2018-03-05,,,1.2956419316843346,0.7843137254901961
2018-03-06,1.079136690647482,,,0.3722644205459878
2018-03-07,0.6395515952860018,,0.11389521640091116,0.7923520726472189
2018-03-08,,,1.0279525230785134,0.05050753928458716
2018-03-09,1.500077474143748,1.8094074819179,0.8331088814178812,1.0606421197615703
2018-03-12,-0.5402849942935483,,-1.2114211395254142,0.11825030699726401
2018-03-13,0.154305788108605,,-0.6438250745596988,-0.9148731990474908
2018-03-14,,,-0.32474398511829033,-0.0967403413364346
2018-03-15,,,0.4178011781367788,0.18172181641915486
2018-03-16,,,0.7157464212678937,-0.16722408026755853
2018-03-19,,,0.0199498404012768,
2018-03-20,,,0.39370078740157477,-0.3829369481787221
2018-03-21,1.639344262295082,,,0.13142656419814616
2018-03-22,-1.4084507042253522,,-1.41628145865434,-2.4828096401846063
2018-03-26,,,0.2570694087403599,-0.1431738546091631
2018-03-27,,,-0.9384325368307135,-0.8087201162160541
2018-03-28,,,0.18718376840382375,
2018-03-29,1.824817518248175,0.10518934081346423,0.5033557046979865,0.9100708582872198
2018-03-30,0.8473389355742297,,1.1548556876826055,1.457180543516406
2018-04-02,,,-0.10514471384198926,-0.39076376554174064
2018-04-03,0.3361547180229569,,0.5973715651135006,-1.2944983818770228
2018-04-04,-1.023541453428864,,0.304890384434731,0.1626986377964879
2018-04-05,,,-0.11587647288769753,-0.17621369446625687
2018-04-06,,,0.24243889989932946,
2018-04-09,0.14814814814814814,,-0.44638326972711834,
2018-04-10,-0.41261120719865246,,0.8919642857142857,0.6355845327428549
2018-04-11,0.8255563531945441,,0.0,0.07816237657715999
2018-04-12,,,0.7785269878497671,0.10805484984691545
2018-04-13,0.6042296072507553,,0.5117550106510348,2.0449461734145906
2018-04-16,,,0.3408782099304746,0.20163496099938588
2018-04-17,-0.7739938080495357,4.7121158601200985,0.49671906097850166,0.8743118761903497
2018-04-18,,1.5736766809728182,-0.41797283176593525,0.3125157218128543
2018-04-19,0.5524861878453038,,0.1992508169283494,0.8240947470062265
2018-04-20,,,1.4291174119339565,0.5650470219435736
2018-04-23,,,0.6490530273545115,0.7657428861726533
2018-04-24,-0.2936857562408223,,-0.2552373614788015,-0.8583690987124464
2018-04-25,0.051440329218107,,0.5407099676008491,0.38772806474374666
2018-04-26,,,-0.1531364254129898,0.29698149951314506
2018-04-27,,,8.673469387755102,-0.33337052948725104
2018-04-30,0.5868165027243326,-0.14326647564469913,,-0.46628608600076266
2018-05-02,-0.339036258044263,,0.43690073750193986,-0.07824911624038262
2018-05-03,,-0.8064516129032258,0.14889736668285378,-0.791128897905409
2018-05-04,,,0.0,2.3479188900747063
2018-05-08,,,-0.7500381116926673,
2018-05-09,,,0.2008032128514056,-0.3861003861003861
2018-05-10,0.6206764615179339,,0.5416793654955354,
2018-05-11,-0.0003027184113337773,,0.5415162454873645,0.0
2018-05-14,1.4527745980795932,-0.8791208791208791,0.15554884789801598,0.5979155375828574
2018-05-15,-3.8599783564655765,,-0.4453475150359922,0.026392684009246957
2018-05-16,,,-1.3922855070752729,0.5786103008867077
2018-05-17,-1.2875536480686696,,-0.001631268147858145,0.02778008887800047
2018-05-18,,,,0.0
2018-05-21,,,-0.3070358817129262,-0.5566675346581215
2018-05-23,0.9174311926605505,,0.5429567831314053,
2018-05-24,,,0.14903129657228018,1.6283839212469238
2018-05-25,,,,-0.4750279089111554
2018-05-28,-0.15281166690493714,,-0.02937483609312786,-0.043938195414426694
2018-05-29,,,0.3930044057055796,
2018-05-30,0.08888888888888889,,,0.22123893805309736
2018-05-31,,,,-0.0012077148826704991
2018-06-01,-1.267605633802817,,3.559870550161812,-0.42462845010615713
2018-06-04,1.8462195579972165,,-0.6790455558433228,
2018-06-05,0.7362758611148357,,0.6993006993006993,-0.24183258657013146
2018-06-07,-0.23827641801831856,12.857142857142856,0.3212907103067286,0.0
2018-06-08,0.3590664272890485,0.8693899150769852,-0.69069143706507,0.12755102040816327
2018-06-11,0.0,,0.5974275743302424,0.1292904063218532
2018-06-12,,,-0.789565348675162,-0.2486724741645154
2018-06-14,-0.21325555702178117,,-0.15393863406869382,-0.38654289272457093
2018-06-15,,,-0.3019552191737622,0.3112792018801264
2018-06-18,,,-2.03527815468114,
2018-06-19,,,1.4227642276422763,
2018-06-20,,,0.0,
2018-06-21,1.1378002528445006,,,-1.1019283746556474
2018-06-25,,,,-1.1250809968232887
2018-06-26,,,-0.8684295340227169,0.22252876083218848
2018-06-27,,,0.4319712479937335,0.37800537782293603
2018-06-28,0.8333333333333334,,0.6586995623376941,0.332939695598995
2018-06-29,,,0.18761726078799248,-0.3131155292308997
2018-07-02,,,,-0.7178957041121067
2018-07-03,,,-0.21510459756529962,0.8173511874959435
2018-07-04,-0.0179806654961606,,-0.7434944237918215,
2018-07-06,,-1.4446227929373996,-1.0,-0.30564318261479145
2018-07-09,-0.9345794392523363,,-0.1970479731673266,0.3233456232177416
2018-07-10,,-0.6920415224913495,-1.3079339256928122,-1.101723308760046
2018-07-11,,,,0.2553852930184249
2018-07-12,1.6174127359809165,,0.48658717608615937,0.5264082824898785
2018-07-13,0.5542993216336822,,-0.6255988361531982,-0.3493329515069192
2018-07-16,0.0,,,0.0353582492273183
2018-07-17,,-1.3513513513513513,-0.382262996941896,0.0
2018-07-18,,0.0,,-0.81799591002045
2018-07-19,,,0.0,-0.18407629143247936
2018-07-20,,,-0.12345679012345678,0.005279512474733765
2018-07-23,0.6904487917146145,,0.4268214605830381,0.7839638324516842
2018-07-24,0.1272264631043257,,-0.38693161038644397,-0.22701701098380953
2018-07-25,1.2269938650306749,0.01857822931131675,0.0,0.5719994438096317
2018-07-26,,0.8493629876961959,0.6914731663292515,0.6167765692398539
2018-07-27,-0.46367851622874806,,0.26795874169511436,-0.5811420224748916
2018-07-30,-0.7887931034482759,,0.03939823276013276,0.31125024267132595
2018-07-31,,,0.7314524555903866,0.34153726981444316
2018-08-01,,,-0.12453214442976655,-0.9950314100283891
2018-08-02,,,1.4311911975761442,-0.03649131431257262
2018-08-03,,,0.0,-0.21956677785753492
2018-08-06,0.1366120218579235,,-0.0006801055523817296,-0.43704170153275573
2018-08-07,,,-0.35235981786136295,-0.8130081300813009
2018-08-08,0.7706931558079463,,0.0,0.2535499533567904
2018-08-09,-0.003969986899043233,,,0.5332897073983941
2018-08-10,1.046039496790324,,-0.00030474890214208004,-0.7297838154365528
2018-08-13,,,0.1594994172136679,
2018-08-14,,,-2.184317957788971,1.146131805157593
2018-08-16,0.4464285714285714,,0.5545063092663287,
2018-08-17,0.9929351316634554,,0.9945695591938274,1.0388859081364823
2018-08-20,0.18726591760299627,,,
2018-08-21,0.5535590698438142,,-0.5333333333333333,0.42773581895232365
2018-08-22,0.4187266673393199,,,0.6101390009213546
2018-08-23,,,0.12970168612191957,3.5103343064902073
2018-08-24,,,-0.06144366965597045,0.31804917187003934
2018-08-27,1.7241379310344827,,0.6288809136401373,0.807767604429458
2018-08-28,0.0,,1.0447004002179592,0.5169493395774363
2018-08-29,,,0.9645321642381428,-0.13347458617800292
2018-08-30,,,-1.0025062656641603,-0.10781551656731517
2018-08-31,,,-0.047472128525476893,
2018-09-03,,,0.1906474125279902,-0.9433962264150944
2018-09-04,,,1.1111111111111112,0.05347303720347227
2018-09-05,0.3875968992248062,,0.9219088937093275,1.105076622476463
2018-09-06,1.040118870728083,,,-0.00031853423287400695
2018-09-10,0.6046169806515717,,-0.6320261448935965,-0.35714285714285715
2018-09-11,1.6209488976937925,,0.7349809562053566,0.4869631591364895
2018-09-12,,1.06951871657754,0.24088710712017003,0.44244495258666383
2018-09-13,0.0,1.1494252873563218,-0.4878048780487805,
2018-09-14,0.17911177361093988,,0.07274747372167216,-0.076049733639301
2018-09-17,-0.5882352941176471,,-0.08378945814995196,-1.287001287001287
2018-09-18,,,-0.0338043158001205,0.33186295045877584
2018-09-19,,,0.0,0.0
2018-09-20,0.7799607684403899,,1.185770750988142,0.14295623339931315
2018-09-21,0.7087275384764685,,-1.2620381671772367,0.11976047904191617
2018-09-27,0.3238344181914476,,0.5184331797235023,-0.3129890453834116
2018-09-28,0.04933946735322669,,0.35287511786184894,0.4909983633387889
2018-10-01,0.23923444976076555,,-0.29239766081871343,
2018-10-02,1.0498450413223142,,0.4784688995215311,
2018-10-17,,,0.5610625132619704,
2018-10-18,,,,-1.087079291380965
2018-10-19,,,,-0.6466505368606726
2018-10-22,-0.12064805239572561,,-0.6134969325153374,-0.538172396001871
2018-10-23,,,1.014760147601476,
2018-10-24,,,-3.1263869027072344,-2.408551827156478
2018-10-25,,,0.0,-0.5945303210463734
2018-10-26,,,0.10070493454179255,
2018-10-29,,,0.0,
2018-10-30,,,,0.5902363011858459
2018-10-31,,,0.6546644844517185,
2018-11-01,,,0.7178800704359156,
2018-11-02,0.07437680070149065,-0.3592814371257485,-0.3868471953578337,
2018-11-05,,,0.22430894910331592,0.6155575761566949
2018-11-06,0.30968381282710356,,0.5150701086122326,0.4025633287392956
2018-11-07,,,2.4256489939921044,1.4353504373285402
2018-11-08,,,-0.044815604843907446,-0.11771455193202768
2018-11-09,,,-0.4800148635520341,-0.4417871962013703
2018-11-12,,0.34782608695652173,-1.3646811775400352,-0.9803921568627451
2018-11-13,,,0.2380952380952381,-0.23203066014586748
2018-11-14,,,1.1463726311395972,-0.5949600207550892
2018-11-15,0.0,,,0.12375276623830415
2018-11-16,,,0.6262498516361782,0.5532873440173586
2018-11-19,-1.0697055388757644,,-0.6962871231677,-0.56682970059616
2018-11-20,,,-0.005751092707614446,-0.5284159972715462
2018-11-21,,,-0.27472527472527475,0.410186536158384
2018-11-22,,,,0.14252554586418412
2018-11-23,,,,0.6969819185753735
2018-11-26,,,0.680710529300769,1.3013698630136987
2018-11-27,2.8000000000000003,-0.6619239096814105,,0.8412630714783425
2018-11-28,0.8241471732351622,,,0.2762430939226519
2018-11-29,-0.6504065040650406,,,0.1952303788555895
2018-11-30,,-0.08583690987124463,1.3413964060690018,1.7908692065331897
2018-12-03,-0.1914621922314066,,0.4838709677419355,0.14389687899339362
2018-12-04,,,,-1.505954676756852
2018-12-05,,,0.2583979328165375,-0.7028753993610224
2018-12-06,,,0.9615101307221638,
2018-12-07,,,,-1.402805611222445
2018-12-10,,,,-0.2785515320334262
2018-12-12,,,,0.2691565974456882
2018-12-13,0.4818689404998578,0.5102040816326531,0.20964360587002098,0.6079852838359772
2018-12-14,0.1869158878504673,,1.8156424581005588,0.39370078740157477
2018-12-17,,,-0.19594506705193598,-0.8675705541277113
2018-12-18,1.506206127097764,,0.9569377990430622,0.8475413748220891
2018-12-19,,,0.13115617848230565,-1.329847692657422
2018-12-20,,,-0.718132854578097,0.1497760773497049
2018-12-21,,,-0.4293364168062078,0.23955233834575232
2018-12-24,-1.875,,,-1.732466947977548
2018-12-26,,,1.69971671388102,1.7481223144153704
2018-12-27,-0.18975332068311196,,-1.3173652694610778,1.218102307189652
2018-12-28,,,0.8264462809917356,0.775962950648861
2019-01-03,0.4511278195488722,1.1049723756906076,-0.3657914010663323,0.4329004329004329
2019-01-04,9.927201300412024,,1.6129032258064515,1.456668068994531
2019-01-07,0.19011406844106463,0.5361930294906166,1.1109576440167932,1.1121854171775039
2019-01-08,,,,1.169457590098289
2019-01-09,-0.4732927653820148,,-0.3369541039375807,0.1733891689772455
2019-01-10,,,-0.6738596942305097,-0.36441251496694255
2019-01-11,,0.4636964334015998,-0.48427234664257623,-0.15418114806000002
2019-01-14,,,-0.4278178026281213,0.17527116559913372
2019-01-15,,,0.3921774220557968,0.2009697216282227
2019-01-16,,-0.8391608391608392,0.3735707227117717,0.19429059704072876
2019-01-17,,,0.4434519556665079,0.6411457426687764
2019-01-18,,,0.36198252840887524,0.5632584330962245
2019-01-21,,,-0.12704075451891828,0.13370226905023816
2019-01-22,,,-0.6309556318898487,-0.21751292400079453
2019-01-23,-0.2711104684788895,,,-0.7933542037111184
2019-01-24,,,,-0.141643059490085
2019-01-25,0.0,,0.48607398045982597,-0.05148849514657225
2019-01-28,,,-0.24217488672464976,-0.4852066752452672
2019-01-29,,,0.7017067318574856,-0.3430495980766444
2019-01-30,0.0,,1.026223343809295,0.9727403631467699
2019-01-31,,,,-0.05317803955791825
2019-02-01,0.5907244895061202,,0.356573538048494,0.866421723890367
2019-02-07,0.49019607843137253,,,0.13227513227513227
2019-02-08,0.7132115258927553,,0.637720173244899,0.8915304606240713
2019-02-11,0.5661111648959595,,-0.06801426217291008,-0.5382131324004306
2019-02-12,1.1126564673157162,,0.0,
2019-02-13,-0.7672634271099744,,-0.7166601136647961,0.6162211146352515
2019-02-14,-0.05833194667849945,,,0.0
2019-02-15,0.424929178470255,,1.0305434559381146,0.56846598095263
2019-02-18,,,0.0,
2019-02-19,,,0.7038681024073083,0.39538807042993035
2019-02-20,0.4889797876983198,,-0.3472702620437754,-0.086177352141305
2019-02-21,-0.6791171477079796,,0.6552821729233872,-0.05579249483651193
2019-02-22,,,,1.2092653043990063
2019-02-25,,,0.8764157315551959,-0.28177933217515894
2019-02-26,,,0.8777469353897703,0.2698870775664813
2019-02-27,0.2380952380952381,,,-0.3966063670678726
2019-02-28,,,,0.6902166867308948
2019-03-04,-0.0004346030987200938,,-0.05767012687427912,-0.5555555555555556
2019-03-05,1.274426508071368,,0.13331814865338512,0.49800796812749004
2019-03-06,,,-0.43143589829803813,-0.18214936247723132
2019-03-07,,,,-0.5492746087706394
2019-03-11,1.7628205128205128,,,1.2035010940919038
2019-03-12,,,,0.398406374501992
2019-03-13,,,0.6230467184870583,
2019-03-14,-0.5758157389635317,,-0.35211267605633806,
2019-03-15,0.8658008658008658,-0.2428988118008252,-0.019490000566894185,0.21715526601520088
2019-03-18,0.07488376430990641,,0.3603958944250372,0.49358817295812935
2019-03-19,,,-0.7084654015490339,-0.5059960001550382
2019-03-20,,,-0.6158954424501062,-0.5563529429491231
2019-03-21,,,-0.30413625304136255,-0.4002272704155867
2019-03-22,,,-3.1537450722733245,-2.237926972909305
2019-03-25,,,0.0,
2019-03-26,,,0.9259259259259258,0.7074462947888354
2019-03-27,,,-0.8997429305912596,
2019-03-28,,,-0.508646998982706,0.6845662411826955
2019-03-29,,,0.9569377990430622,0.10827005692716948
2019-04-01,0.0,0.48525428821512084,-0.3962560634009701,0.7537522293034422
2019-04-02,,,,-0.8062397219914439
2019-04-03,-0.4757240668639165,0.0,0.09131857690818876,0.11506361683073503
2019-04-04,,,0.37527446193418573,0.07681033481006345
2019-04-05,0.6694586935466513,,0.5639737134863341,0.2063501996211389
2019-04-08,3.9473684210526314,,0.3134796238244514,-0.008264436021713506
2019-04-09,0.2288215689200617,,-0.7746598279754077,0.24396091830006594
2019-04-10,-0.44913089590871424,,,0.060942821294138735
2019-04-11,,,-0.09192451170617298,-5.757575757575758
2019-04-12,2.4336552706620633,,0.0,0.4646885023829214
2019-04-15,2.7097705036295596,,-0.3120316471945812,-0.4329481304919645
2019-04-16,,,-0.27075382156888417,0.2110405190319303
2019-04-17,-0.13756723141980598,-1.5504188957302918,-0.1825853271477305,-0.40650406504065045
2019-04-18,6.496815286624204,,-0.13321164518686504,0.8347245409015025
2019-04-23,1.120162932790224,,0.20639834881320948,0.7584356105930439
2019-04-24,1.0204081632653061,,,
2019-04-26,,,-0.8928571428571428,
2019-04-29,0.0,,-1.08991825613079,0.03830371736739429
2019-04-30,,,0.3919632913647219,
2019-05-02,,,-0.05570625698948629,1.1832292737127408
2019-05-03,-0.223100313216836,-1.6129032258064515,-1.5204009552961755,-1.608910891089109
2019-05-07,,,-1.145739696377725,-1.3026644010059616
2019-05-08,0.0,,-0.9803921568627451,
2019-05-09,1.3806706114398422,,1.4623172103487065,
2019-05-14,,,0.684931506849315,3.2766990291262137
2019-05-15,,,-0.7671232876712328,
2019-05-16,-3.11284046692607,,0.0,1.5625
2019-05-17,0.996483001172333,,0.10515247108307045,0.7060108437024613
2019-05-20,,,-0.7042253521126761,
2019-05-21,,,-0.6858710562414266,-0.966183574879227
2019-05-22,,,,-0.2699055330634278
2019-05-23,,,-0.644075608573762,-0.8075525845691979
2019-05-24,,-0.3508771929824561,-0.003131458633431452,-0.509980802337266
2019-05-27,-1.3348237769594948,,0.3316206889310439,
2019-05-28,,,0.09663289393052542,0.19807697811180833
2019-05-29,,,0.29781585652030357,0.2702702702702703
2019-05-30,-4.774395003903201,,-0.2870556725576092,-0.5406878778868075
2019-05-31,,,-0.8704919427823566,-0.26853463423747326
2019-06-03,0.43100522636258737,,0.0687305030090885,
2019-06-04,,,0.6562096294740042,0.8746583485064209
2019-06-05,0.7009345794392523,,0.24108353150803638,-0.06226199150152535
2019-06-07,,,0.10172939979654119,0.8754103486009067
2019-06-10,0.9925558312655087,,0.5339845729046818,0.13987845531885312
2019-06-11,,,0.8894826176107564,0.2689130940055224
2019-06-12,,0.1620745542949757,0.05767524851024399,0.03413420968482984
2019-06-13,,,,-0.3575053392716629
2019-06-14,,,0.48365781482457987,0.2670234010872737
2019-06-17,,,0.45610034207525657,0.20325203252032523
2019-06-18,,,0.24154589371980675,2.698655702329922
2019-06-19,-0.003667033370003667,,,0.0
2019-06-20,,-0.3112033195020747,-0.821917808219178,0.303951367781155
2019-06-21,,,,0.11907302565781987
2019-06-24,,,-0.14956258067159747,0.5025672299473934
2019-06-25,,,,0.10673470999395401
2019-06-26,,,,0.0
2019-06-27,,,,-0.18820607719241977
2019-06-28,,,,0.8838605271629151
2019-07-01,,0.0,,0.0
2019-07-02,-0.9097516507342072,0.20646577633745394,,0.9104459480379897
2019-07-04,,,-0.0051378220772214656,-0.0011060723371308485
2019-07-05,-0.7524794196878715,,0.08944543828264759,-1.0714285714285714
2019-07-08,,,-0.40959417233899575,-0.7100591715976331
2019-07-09,,,0.06191950464396288,-0.9090909090909091
2019-07-10,,,-0.2358490566037736,-1.0477299185098952
2019-07-11,,-0.22837851256081818,,
2019-07-15,0.9369024856596557,-0.7009345794392523,0.0,0.5122950819672131
2019-07-16,,,1.607717041800643,-0.36652573432406765
2019-07-17,,,-0.5239009315068233,-0.46728971962616817
2019-07-18,0.38248832665496574,,0.0,0.24351180045898715
2019-07-19,0.16750418760469013,,-0.49018230410660374,0.39024840821905876
2019-07-22,,,0.5297691539923612,-0.07404501560249029
2019-07-23,,,0.0682515337423313,-0.1854492297437214
2019-07-24,,,-0.280426550160603,0.11558164079594305
2019-07-25,0.0,,0.10190246724871975,-0.5322595770018278
2019-07-26,,,-0.9658125366400261,
2019-07-29,,,,0.3616636528028933
2019-07-31,0.0,,-0.9753767143738679,
2019-08-01,,,-1.6780845231681725,
2019-08-02,0.0,,,
2019-08-05,,,-0.8463064713064714,
2019-08-06,,,-0.17921146953405018,
2019-08-07,,,1.5228426395939088,
2019-08-12,,,-0.48759485255720947,
2019-08-13,,,1.7275469315820395,-0.34285714285714286
2019-08-14,-0.8148924999480174,,-0.9741165904239715,-0.9932048503309706
2019-08-16,,,2.0684240228352704,0.397920157320209
2019-08-19,,,-0.1753839221812706,-0.8064516129032258
2019-08-20,,,-0.5890804079426271,-0.2154265971026157
2019-08-21,,,-0.05370569280343716,0.03792711292760101
2019-08-22,,,-0.8291285275995841,-1.24409506952368
2019-08-23,,,-2.4105767622582404,-1.9007431565861463
2019-08-26,,,0.0,0.5076197416315446
2019-08-27,,,-0.6097560975609756,1.4085826545845186
2019-08-28,,,,0.17344757146939596
2019-08-29,-0.1326259946949602,0.1564945226917058,,1.1127452340649888
2019-08-30,,1.7837753994105785,0.2376744227578265,-2.713997332525361
2019-09-02,0.38022813688212925,0.08508610714042611,0.4287045407931742,-0.2874657730201565
2019-09-03,,1.380991064175467,,-0.5122490255333255
2019-09-04,1.556420233463035,-0.14104372355430184,-0.14903129657228018,-0.29670371607302454
2019-09-05,0.7687237260236562,,2.380952380952381,-0.42134831460674155
2019-09-06,,,-0.5154639175257731,-0.36167061265905454
2019-09-09,,,,0.36448670582088294
2019-09-10,,0.2145922746781116,0.7853413347310406,0.5081028486560644
2019-09-11,,,0.9533399219002991,0.35211267605633806
2019-09-16,,,0.6191950464396285,
2019-09-17,0.9122369464255424,,,0.0
2019-09-18,,,0.040836024798604154,0.16611295681063123
2019-09-19,,,-0.002708559046587216,
2019-09-23,,,0.13736263736263737,0.3667209957030671
2019-09-26,0.0821120207021822,,1.1799410029498525,0.16835016835016833
2019-09-27,1.0782770880690098,,29.448316853082616,0.2777435022090604
2019-09-30,,,,0.1182033096926714
2019-10-02,,,,-0.002842423165748801
2019-10-07,,,1.0618820944708898,-0.0606511845803774
2019-10-08,-2.609483827879019,,,2.182622993633526
2019-10-11,,0.0,1.7293997965412005,
2019-10-14,,,0.322234156820623,-0.4878048780487805
2019-10-15,-0.22271714922048996,,0.37856477611201655,0.45583316267322005
2019-10-16,0.20408163265306123,,0.07868718430464704,-0.12278449463739836
2019-10-17,,,0.3153421159466148,0.07384030535864115
2019-10-18,,,0.8115205200819419,0.2968237444791315
2019-10-21,,,-0.140954914067957,-0.38167938931297707
2019-10-22,0.0,,-0.4248478941254353,-0.5905710239246682
2019-10-23,-0.5,,-0.6473935314708943,-0.3641568124554553
2019-10-24,0.0,,0.35714285714285715,-0.05089792394812625
2019-10-25,0.7319206669403931,,0.6719077146078273,-0.1864000580987194
2019-10-28,0.9440532384121334,,0.8310612643554645,0.39215686274509803
2019-10-29,,,0.35511261888569906,
2019-10-30,0.8450704225352111,,-0.7246154788896378,1.3992981368522435
2019-10-31,,-0.5970149253731344,-0.4700352526439483,1.1282333516785912
2019-11-01,0.17142694363563482,,1.5514809590973202,
2019-11-04,0.0,,0.15552099533437014,
2019-11-05,-0.5852253577228299,,0.7616223174566963,0.25175285900105343
2019-11-06,0.3831501831501832,,-0.30567152319370994,-1.0371348936996534
2019-11-07,0.136332651670075,,0.18895607127467046,0.2279685503080497
2019-11-08,0.0,,-0.5584494000636553,
2019-11-11,0.40214477211796246,,0.05149514292302052,0.075819732664656
2019-11-13,-0.2719208309187358,,-0.002901241731461065,
2019-11-14,,,-0.3416856492027335,-0.2262090932311
2019-11-15,0.0,,0.0468384074941452,0.0
2019-11-18,,,,-0.07696600026938101
2019-11-19,,,-0.9345578242962571,-0.6682224132297636
2019-11-20,,,0.7749109244713398,0.0
2019-11-26,0.4411764705882353,,0.8851219038802436,
2019-11-27,,,-0.7115110676798467,-0.6269954397199037
2019-11-28,,,0.317277583348683,0.6345718140637646
2019-11-29,,,0.6024956011309545,0.2473247856179674
2019-12-02,,,-1.3460703430308294,-1.2606594056062141
2019-12-03,,,,-1.2283069748564635
2019-12-04,,,,0.3250975292587776
2019-12-05,3.9619651347068143,,,
2019-12-06,-0.13531799729364005,,0.2979665063880589,-0.42120431764723887
2019-12-09,-0.3952569169960474,,,-0.005676174258549737
2019-12-10,,-0.9497964721845319,-0.5671296296296297,
2019-12-11,0.26605907077454327,,,0.5026306292469781
2019-12-12,1.0190217391304348,-0.6109979633401221,0.936882609465091,0.6153350414572241
2019-12-13,0.09709137884745926,,0.2510153367670589,0.1818860053966776
2019-12-16,-0.5981514429948467,,-0.2531654777189665,0.2670042118630941
2019-12-17,,,-0.3269251714918841,0.3582656582719453
2019-12-18,,,0.5543394443438523,-0.17847074048883135
2019-12-19,,,0.6013394687082656,0.4048582995951417
2019-12-20,,,0.43717508012641426,-0.02697827036379038
2019-12-23,,,0.6704812371180287,0.331147258057557
2019-12-24,,,0.9259259259259258,0.4382530808320664
2019-12-26,,,0.3727892429302592,-2.5061800010267254
2019-12-27,,1.158603413183028,-0.46960482753762706,-0.1639703404111898
2019-12-30,,,0.5495871614308837,0.4464285714285714
2020-01-02,-0.6858710562414266,0.0,0.40313599714909354,
2020-01-03,,,-1.5384615384615385,-1.316606226926721
2020-01-06,,,,0.44150110375275936
2020-01-07,0.1007001945894129,,,
2020-01-08,,,,-0.9389671361502347
2020-01-09,2.6098327815030187,,,
2020-01-10,0.8655377614421983,,,6.474820143884892
2020-01-13,0.4862263247939558,,,-0.010215808964372367
2020-01-14,0.0,0.0,0.0,
2020-01-15,0.315955766192733,,-0.0030019936034823423,-0.009404671744745055
2020-01-16,6.276362859736238,,0.16407847181680615,0.45045045045045046
2020-01-17,,,-0.07038734642218204,-0.08823824756653195
2020-01-20,0.6345177664974619,,0.29533345308839687,
2020-01-21,,,0.49019607843137253,0.6435006435006435
2020-01-22,2.3622047244094486,,,-0.8710736455569021
2020-01-23,,,-2.7991481057549774,
2020-01-28,,,0.117096018735363,
2020-01-29,,,0.4004190106072055,
2020-01-30,,,1.0917030567685588,
2020-02-04,,,,0.9411764705882352
2020-02-05,,,0.11961722488038277,
2020-02-06,-0.006517630189663039,,0.0,
2020-02-07,,,,2.204928664072633
2020-02-10,,,0.10599287754930224,0.7549024711916036
2020-02-11,,,-0.3315159425732802,-0.36795981294560315
2020-02-12,-1.4942528735632183,,-0.1908126087208616,0.249869376074147
2020-02-13,0.8860647171336737,,-0.27332201032853704,0.094789533310798
2020-02-14,,,0.10832564718524057,-0.20905613379592564
2020-02-17,,,-0.8139222784020428,-0.17219881278188442
2020-02-18,,,0.5534572543511779,0.0
2020-02-19,,,-0.19305019305019305,0.31291396838520374
2020-02-20,,,,-0.8274231678486997
2020-02-21,,,,-3.0171600980577034
2020-02-27,9.117112601040166,,,
2020-03-02,,,0.15772870662460567,
2020-03-04,,,0.4351473209604697,
2020-03-05,,,-0.49471786591997957,
2020-03-06,-2.380952380952381,,-1.4102530276246008,-0.9668787475498286
2020-03-09,,,,-1.8103334361097654
2020-03-10,,,-0.039865448152215134,-0.8257566056259872
2020-03-11,,,,-0.826615600749264
2020-03-17,,,-0.9523809523809524,
2020-03-18,,,2.127659574468085,
2020-03-19,,,0.6615214994487321,
2020-03-24,7.673597157300281,,3.8011695906432745,
2020-03-25,,,0.6764268437420188,
2020-03-26,,,3.854986453360856,
2020-03-27,,,-1.9345238095238095,-1.4218009478672986
2020-03-30,2.382288529975363,,2.049005878174838,0.9769446730601421
2020-03-31,,,0.1176011809831387,-1.1048661156758521
2020-04-01,,,1.381916986169536,0.7650576541600005
2020-04-02,6.0606060606060606,,0.5140625262185137,-0.616212490163648
2020-04-03,,,1.184308706098112,0.5437617635128105
2020-04-06,,,1.4679551304643113,2.3467033815188314
2020-04-07,,,-0.9157509157509158,-0.15364827861939084
2020-04-08,,,2.891566265060241,2.035461931661545
2020-04-09,,,0.8438818565400843,-0.4184547630851365
2020-04-10,,,0.5025125628140703,-0.9890109890109889
2020-04-16,1.0613207547169812,,,1.8072289156626504
2020-04-21,,,,-1.3796978399300786
2020-04-23,,,-0.7263922518159807,-0.8976660682226212
2020-04-24,,,,0.6557377049180327
2020-04-27,2.728743068391867,,,
2020-04-28,,,,0.3529093275650221
2020-04-29,-3.1654676258992804,-2.990033222591362,-2.2321704229700527,
2020-05-04,,,1.2048192771084338,
2020-05-06,,,-0.2597402597402597,
2020-05-07,,,0.9544869817143368,
2020-05-08,1.2402387052917798,1.0094882185930258,,1.082704489353949
2020-05-11,-0.8309766998258864,,0.7153209109730848,0.7696191635006167
2020-05-12,,4.031772776507402,-1.9693654266958425,-7.103825136612022
2020-05-13,,,0.0,
2020-05-14,,0.579555905129159,,1.2193708812721518
2020-05-15,1.5280135823429541,,,
2020-05-18,,,-4.292109910871976,
2020-05-19,-0.6271134829409115,-1.2252362414545928,-0.42796005706134094,-0.5770956243854474
2020-05-20,1.3479140325858796,,,2.005730659025788
2020-05-21,0.5833422134389904,0.5306670129420422,0.44917526083881315,0.0008008386493177561
2020-05-22,1.094890510948905,,1.7979832571569558,0.9601965947480191
2020-05-25,,,0.5367626784924765,0.008910008910008933
2020-05-26,,,,1.792573623559539
2020-05-27,,,1.6871351614964432,1.403347855996331
2020-05-28,-0.5272407732864675,,-0.11616777593120935,
2020-05-29,-1.2738853503184715,,-0.7536515384657606,0.2820874471086037
2020-06-01,,,-0.15378194986626154,-0.041390728476821195
2020-06-02,1.8239080297905466,,0.9657618383134386,0.5988023952095809
2020-06-03,0.9558278631812227,,1.7316017316017316,
2020-06-04,0.0,,0.6519755123216964,0.3697845614527357
2020-06-05,,,1.6771789224210871,1.942011881666726
2020-06-08,,,0.24632436428260754,0.3054848552304389
2020-06-09,2.756205915414272,,,0.42105263157894735
2020-06-10,,-0.16514565882096496,0.6535947712418301,
2020-06-11,,,-2.97951582867784,
2020-06-12,0.7309941520467835,,,-0.9090909090909091
2020-06-16,,,,-2.481962991056466
2020-06-17,0.36496350364963503,,-0.4833252779120348,
2020-06-18,,,1.876675603217158,
2020-06-19,,,,-2.10727969348659
2020-06-22,4.258342399147443,2.572347266881029,1.079144072753746,0.3030804073009935
2020-06-23,,,-0.0017192469698272155,1.0772287082007015
2020-06-24,,,-1.2021857923497268,-2.5288548305364857
2020-06-26,,,-0.5508586881277113,-1.257861635220126
2020-06-30,0.0,,,0.6195697332056863
2020-07-01,,,-0.05458690556465338,
2020-07-02,,,0.3199370514424658,
2020-07-03,2.0161290322580645,,,0.8909422821438794
2020-07-06,-0.19548996760986456,1.12214774548313,0.8027255245948599,0.682657004168636
2020-07-07,-1.0882708585247884,2.766798418972332,-0.610948151208428,0.27223836202160556
2020-07-08,0.6623641304347826,,,0.41987253589521056
2020-07-09,,,-0.11922251177213887,-0.27867269507555154
2020-07-10,18.34319526627219,,,0.8765643768228372
2020-07-13,,,,-0.1644398766700925
2020-07-14,2.3894862604540026,,1.7862139223367297,1.299927645147372
2020-07-15,0.7194244604316548,,0.4170186013536269,-0.39370078740157477
2020-07-16,1.6044006417602568,0.0,0.2730812604762185,0.8331850797604222
2020-07-17,,,-0.045974114602531556,0.08281500168497222
2020-07-20,4.490617126661637,,1.1003143755358673,-0.6802721088435374
2020-07-21,0.1180546361269253,,0.16767572314652757,-0.6779661016949152
2020-07-22,1.669449081803005,,-0.1915137894813983,0.31545741324921134
2020-07-23,-0.0665828532369884,,0.6651653585742607,
2020-07-24,-1.118142163789396,,-0.8122323172589287,
2020-07-27,,,0.5070413006730696,0.6777933991952242
2020-07-28,0.00026489879100193,,,-0.4327699828050336
2020-07-29,0.0,,,
2020-07-30,-2.5089605734767026,,0.09269782745526192,0.30120481927710846
2020-07-31,1.6526394137180809,,0.8690929315911552,0.0
2020-08-03,0.9057971014492754,,-0.4123711340206186,-0.008725242125468982
2020-08-04,0.3294594306429257,,0.1773049645390071,0.189369539958872
2020-08-05,0.4618086248040663,,0.30303030303030304,
2020-08-06,0.39720519012406424,,0.0991147457100214,0.4391140516409017
2020-08-07,1.5309756100779468,2.4416135881104037,0.3793766858269092,1.3793103448275863
2020-08-10,0.9915445084015718,,1.0481162755575486,0.223817984491145
2020-08-11,0.8660658907415776,,0.7780391922400668,-0.4787650546254521
2020-08-12,1.1775547115992273,,1.278270945743481,0.5235602094240838
2020-08-13,0.42678022995739684,,0.4986819515072985,2.6194144838212634
2020-08-14,,,-1.670782953744634,-0.7184966838614592
2020-08-18,,,0.37234042553191493,
2020-08-19,0.0,,,
2020-08-20,,,1.6535284964347394,-1.9313304721030045
2020-08-21,,,1.7408083441981748,
2020-08-24,-0.5882352941176471,,,0.4149377593360996
2020-08-25,0.34790626821202775,-0.4959387250194873,,0.11007514112985414
2020-08-26,,,,0.29006777098617637
2020-08-27,,,0.0,-0.10492647574952128
2020-08-28,,,2.774895407551452,1.627544040496603
2020-08-31,0.22099447513812157,,-0.4987018789449314,0.9782296580842874
2020-09-01,0.4077482876712329,,0.9584664536741214,0.9135082604470359
2020-09-02,0.0,,0.23963475225404746,0.22301098120721743
2020-09-03,-2.5675448900822286,-3.316138540899042,-3.705947251090795,-2.8486272439115554
2020-09-04,0.9784055072570568,,1.6200490038395263,1.080297115593147
2020-09-07,2.2604422604422605,-0.4484304932735426,0.03991934694325465,0.252895014842795
2020-09-08,-2.8634361233480177,,-1.6792893823444226,-1.5394614549627366
2020-09-09,1.1299435028248588,,1.3685372492257843,-0.32
2020-09-10,-0.5517241379310345,,-0.9472259810554804,0.0
2020-09-11,,,1.0034832112227643,0.6945200440051114
2020-09-14,,0.7882882882882882,0.2724795640326975,-0.49823707006909407
2020-09-15,,,-0.6815502181487839,-0.02157015730380557
2020-09-16,0.6224112729054347,,-0.18682470120016081,-0.06819240597743216
2020-09-17,-0.5988023952095809,0.0,-0.00146198830409356,0.17574692442882248
2020-09-18,0.43683025049484675,,-0.26227629379171763,0.015438100190845922
2020-09-21,,,-0.7575757575757576,
2020-09-22,,,2.3741177994086287,
2020-09-24,,,-0.7117437722419928,
2020-09-28,,,1.3089005235602094,0.29958491247067315
2020-09-29,,,0.25252525252525254,1.2170385395537524
2020-10-05,0.0,,,0.48535991869993506
2020-10-06,-1.3176488947585925,0.425531914893617,-0.9921652753812433,-0.10120166549119715
2020-10-07,,0.9626141552511416,1.0597597382056787,0.9011782569673648
2020-10-08,,,0.7153568493344921,0.4262025580975401
2020-10-12,,,0.6530279904790967,0.917503741098065
2020-10-13,,,0.25002642780890383,0.15150330758296482
2020-10-14,,,-0.45711654827676923,-0.0012678770666396187
2020-10-15,,,-1.2250670771022691,0.102880658436214
2020-10-16,,,0.5385996409335727,
2020-10-19,,,-0.9496695437362724,-0.21645021645021645
2020-10-20,,,-0.15937032459506928,-0.9216589861751152
2020-10-21,0.5558362809499747,,-0.15653320936204157,0.09109093809484312
2020-10-22,,1.1111111111111112,0.25535234332466117,0.20389265195489625
2020-10-23,1.3011152416356877,,-0.35637091808676047,0.0
2020-10-26,1.694915254237288,,,-0.5510633920540766
2020-10-27,,,1.2337570399270053,-0.7425742574257426
2020-10-28,-1.858736059479554,,,-1.5897700248212048
2020-10-29,-0.3338367379381607,,,
2020-10-30,2.127659574468085,,,
2020-11-02,,,0.46399534696132355,0.8323570018151188
2020-11-03,2.2263450834879404,,1.0201023651233034,0.8359227410328081
2020-11-04,,,1.906671647919007,0.4540295119182747
2020-11-05,0.7440044833516919,,0.7631894830771176,0.6659956477376531
2020-11-06,-0.32573289902280134,,0.890451375060701,0.9018007827655535
2020-11-09,4.860478822151036,,1.135966179958564,0.9700384237621156
2020-11-10,0.13108579572615117,,0.303690055467882,0.28480013990144043
2020-11-11,-0.8536216869550203,-0.6525285481239804,0.3392815306445399,-0.2436551987410969
2020-11-12,-1.0256410256410255,,-0.7727789558081565,-0.7107556137208982
2020-11-13,,,0.9750753478296176,0.84985835694051
2020-11-16,,,0.21998198572715308,-0.1839038456955379
2020-11-17,,,0.07090982052782302,0.13175230566534915
2020-11-18,0.0,,0.9771986970684038,-0.3504110475429061
2020-11-19,,,0.7604014569075085,0.0024622596009397
2020-11-20,,,0.5777945191510728,0.1724137931034483
2020-11-23,0.3497590548733095,,0.18975332068311196,0.2008032128514056
2020-11-24,-0.21321961620469082,,,0.8547240002530055
2020-11-25,,,0.0236366632838047,0.19960079840319359
2020-11-26,,,0.41841004184100417,0.30985733651797814
2020-11-27,1.3846153846153846,,,1.2806830309498398
2020-11-30,,,2.269503546099291,
2020-12-01,,0.3472222222222222,,-0.18794609018594546
2020-12-02,,,0.04430152669290142,0.337636809598154
2020-12-03,,,0.9195917909610855,0.08710801393728224
2020-12-04,,,1.079985563174991,0.18729139138558465
2020-12-07,1.215535780308344,,0.0,0.0
2020-12-08,,,,0.7092198581560284
2020-12-09,-0.9956826099159637,,-1.135855044867076,1.3377926421404682
2020-12-10,0.3791528656027301,,0.1492231356184679,1.3204590263384055
2020-12-11,0.3857482722781172,,0.5614678640107201,0.21929824561403508
2020-12-14,0.7751937984496124,,0.2708878788994154,0.347861896056782
2020-12-15,0.5284709340986246,,0.78122037650472,0.7778962555663469
2020-12-16,,,0.03837180432743605,0.4429940767570756
2020-12-17,1.1099855633254243,,-0.1524390243902439,0.1671716728532761
2020-12-18,1.2090497021935884,,0.0,0.0
2020-12-21,0.6460572057000662,,-0.08436962693430365,0.2658847909835924
2020-12-22,1.153846153846154,,,
2020-12-23,,,-0.9302325581395349,0.0
2020-12-24,,,0.4663155793011236,1.0
2020-12-28,0.9849167895155266,,,
2020-12-29,,,,0.0
2020-12-30,,,1.7053290498686469,0.8345316397114869
2021-01-04,-0.9644483619144305,,-0.6851499552192771,-0.718967805064869
2021-01-05,1.4569463997584888,,2.032512112478732,5.047997573875173
2021-01-06,5.054151624548736,,0.9166477130649074,0.19687598327712774
2021-01-07,0.5598247416017949,,1.4883137863553866,0.3968068805014056
2021-01-08,,,0.7813056197879148,1.7142696315666985
2021-01-11,,,0.9219936564125931,
2021-01-12,1.702127659574468,,1.5176166106315947,
2021-01-13,,,-0.1509459505195113,
2021-01-14,,,0.1868855481156894,-0.037425149700598806
2021-01-18,,,0.9041519537970049,
2021-01-19,,,-0.5714285714285714,-1.431980906921241
2021-01-20,,,,1.4545454545454546
2021-01-21,-0.44833202454813414,,-0.5733038567714001,0.0
2021-01-22,-0.4195585738539898,,0.9414996566148467,1.664878300292992
2021-01-25,0.5566277848476895,0.0,-0.40431266846361186,0.32137899393317193
2021-01-26,0.36666666666666664,,,1.24461691353935
2021-01-27,,,-1.0442576550304485,-1.3860305604128618
2021-01-28,,,,24.75
2021-02-01,,,0.49198180426516985,
2021-02-02,4.0733197556008145,,0.9991161627004117,1.9308943089430894
2021-02-03,,,-1.0264471517622173,
2021-02-04,1.053188224829562,,-0.18390365955109464,0.13475725120826784
2021-02-05,1.1504437591394112,,0.013385671535759975,-0.23720014630563285
2021-02-08,0.7360010412876468,,0.37453183520599254,1.1771313982663039
2021-02-09,,,0.29931179330551655,0.16292473114884903
2021-02-10,0.6573500678875385,,1.7618290942231125,1.1552106590689877
2021-02-15,0.6514657980456027,0.0,-0.09394836761672536,0.43081200711421747
2021-02-16,1.1811023622047243,,0.46728971962616817,-0.04193032315989927
2021-02-17,1.183431952662722,,2.1739130434782608,-0.14962289094051565
2021-02-18,2.782608695652174,,-0.13513513513513514,-0.1104183515069376
2021-02-19,,,0.357636523557261,0.5770286928448594
2021-02-22,-1.5761821366024518,,1.759173146019386,-0.7692869568200347
2021-02-23,,,0.487936238805913,
2021-02-24,,,2.8807077408476007,
2021-02-25,,,-2.5225225225225225,-2.0093654849934754
2021-02-26,,,2.267303102625298,1.910515591019665
2021-03-02,,,0.21150722102887404,
2021-03-03,-1.0169678881335324,,-1.583256653453614,-1.1737657308809293
2021-03-04,-1.717192945585737,-0.6134969325153374,-0.6953863494951595,-0.6681273112027873
2021-03-05,,,0.34602076124567477,1.2983373809079022
2021-03-08,,,,1.865821429766166
2021-03-09,,,0.3623571730850614,2.4142291230272006
2021-03-10,,,0.5964270200202363,
2021-03-11,,,,0.8454845982940375
2021-03-12,1.015228426395939,,1.9230769230769231,0.8998027215489538
2021-03-15,,,0.5411681360185627,0.33493542469300447
2021-03-16,0.11577714864912104,,0.355130730464623,-0.01501325110892202
2021-03-17,,,0.8399164047431056,0.22858027350746488
2021-03-18,,,-1.3410556854151243,-1.0978704522363896
2021-03-19,,,,0.36675140471928597
2021-03-22,0.0,,0.011416029700463364,0.24818653679863553
2021-03-23,,,,0.7017157500650663
2021-03-24,2.3359508792448103,,-0.41899441340782123,-0.1924001924001924
2021-03-25,1.1494252873563218,,,0.0
2021-03-26,1.3426957319813302,,,0.23293733985557885
2021-03-29,0.20060180541624875,,0.647634830302533,0.1002372687846806
2021-03-30,0.2564102564102564,,1.0294117647058822,0.2916532995843258
2021-03-31,,,-0.0007922423627836228,0.12911200465977482
2021-04-01,,,0.2179760690102959,1.137070007543859
2021-04-02,0.6452399941234496,,0.9861478263337033,0.0447427293064877
2021-04-05,1.4336917562724014,,0.7111827654309512,1.104094865597933
2021-04-06,,,-0.2045147427537168,0.7456629837824471
2021-04-07,0.0,,1.0416666666666665,-0.1951595834374411
2021-04-08,,0.1141552511415525,-0.7453416149068323,
2021-04-09,-0.06182944753958425,,,-0.020438606077428912
2021-04-12,0.14539739893333994,,0.45454545454545453,0.11463723623829195
2021-04-13,0.737659180278615,1.565638662412856,0.18449421260569748,-0.9846827133479212
2021-04-14,0.06150061500615006,,-0.266790872386196,0.06548227902410113
2021-04-15,-1.5116161616161616,,0.22770518951620075,0.02536781248778393
2021-04-16,0.07278020378457059,,0.8768985103421552,
2021-04-19,0.24096385542168677,,-0.6637678758365986,-0.6321307431390687
2021-04-20,-0.09119624236065456,,-0.7078824324974339,-0.47069561772609986
2021-04-21,,,0.3743475221112793,0.5103095466915077
2021-04-22,,,-0.7005675145737645,0.045383185680127024
2021-04-23,,,-1.0582010582010581,0.5802707930367506
2021-04-26,-0.3477591566849716,0.0,0.5021971123666039,0.29239766081871343
2021-04-27,0.9406576718803844,,1.6652261618388462,
2021-04-28,-0.8083818867531434,,-0.13404825737265416,
2021-04-29,0.5274664148453821,,,
2021-04-30,0.646551724137931,,0.7989491950255471,
2021-05-04,0.0,,,
2021-05-06,0.7782748291456474,,1.6389844389844388,
2021-05-07,0.6572295247724975,,2.8828828828828827,0.3819223424570337
2021-05-10,-0.5620376746887813,,-1.2132296120756272,-0.6201550387596899
2021-05-11,-0.5792613233562216,,0.09113399129455178,-0.1301385952548743
2021-05-12,-1.4411706646958742,,-1.5707628590005656,-1.6662211529893969
2021-05-13,-0.11037527593818984,,1.5299703701991452,0.5657484211413939
2021-05-14,,,1.3258399349265095,1.7743122017393966
2021-05-17,,,-0.2724795640326975,0.8130081300813009
2021-05-18,,,0.9997415001843514,
2021-05-20,,,0.8036739380022963,0.9401167026688632
2021-05-21,-0.5586592178770949,,-0.29152225990677066,0.26791292081204887
2021-05-24,-0.31545741324921134,,0.09534704205500497,0.04815467673373366
2021-05-25,,,-0.1684205150574492,0.1157748736254995
2021-05-26,,,-0.019666192081297225,0.6616237392681503
2021-05-27,-0.6610855461928193,-0.4444444444444444,0.2808556760336767,0.559266911251753
2021-05-28,-0.5208333333333333,,1.1108038348082596,0.18421904338954156
2021-05-31,,,0.40450440951066735,0.24553015877474665
2021-06-01,,,0.00203053931124105,0.24401440963072124
2021-06-02,-0.9900990099009901,,0.3678856376572549,0.1910219675262655
2021-06-03,-0.19329896907216496,,-0.2080011045528287,-0.5365008168270116
2021-06-04,,,1.0414934297820462,0.9272601404580373
2021-06-07,,-0.10867982028615285,0.4120879120879121,-0.18450184501845018
2021-06-08,,,0.4599368511387364,0.3436741971226562
2021-06-09,,,0.22768559489361354,0.07019199403513676
2021-06-10,0.16260162601626016,,,0.4721975152784552
2021-06-11,2.648171500630517,-3.8095238095238098,-0.02958621294022308,
2021-06-14,,,0.1856797529972024,0.4883306612465957
2021-06-15,-1.5985790408525755,,-0.09122181090699598,
2021-06-16,1.4804845222072678,,0.42160028415955625,-0.8427881721557532
2021-06-17,1.146144544031868,,0.6375455901689145,0.08220084724988987
2021-06-18,0.7019501429761363,-1.172548904938741,-0.5147765521729557,-1.7671652840311147
2021-06-21,0.4906632178431239,,1.343755916831542,
2021-06-22,-0.7722007722007722,,0.39370078740157477,0.23359767224477176
2021-06-23,,,0.33231371081266714,-0.002177226213803614
2021-06-24,2.586206896551724,,-1.6696018953546707,0.0
2021-06-25,0.510763455242557,-0.4484304932735426,0.43030416122410897,0.5618065079167186
2021-06-28,-0.5124099279423538,,-0.058078747104268386,0.16013210550436077
2021-06-29,2.146690518783542,,0.3455486248936773,0.023544324628782868
2021-06-30,-0.5040322580645161,0.4618937644341801,0.06458768900714795,0.0593940439632081
2021-07-01,0.023320820385894267,0.2699709262079468,0.258441628829139,0.06394586460244402
2021-07-02,,,0.34409892685170473,0.4259297151395504
2021-07-05,-0.0018349633924803202,,0.590830401518959,0.36306089943391623
2021-07-06,,,-0.5326973941469089,-0.20703933747412007
2021-07-07,,,0.1030170054406269,-0.1349444695065627
2021-07-08,,,0.7462686567164178,-1.6102876326495774
2021-07-09,,,0.8648604403699762,
2021-07-13,-0.1431555993471713,,-1.1787819253438114,
2021-07-14,1.2200853593212726,,0.1557632398753894,0.3134796238244514
2021-07-15,-0.5630132271229779,,0.19152588536706389,-0.3624893927021791
2021-07-16,-1.0722676140382188,,-0.4256991930762989,-0.6352550199160732
2021-07-19,,,-0.9172541529937347,-1.2422360248447204
2021-07-20,-0.2849002849002849,,0.8386295565782745,
2021-07-21,0.7000000000000001,,0.2501119157522231,
2021-07-22,,,0.06443298969072164,0.7398273736128237
2021-07-23,0.42018358442599907,,1.4634146341463417,0.6006006006006006
2021-07-26,0.17574692442882248,,0.3291340936231813,0.7686687827919788
2021-07-27,0.8676789587852495,,0.0459307078385599,-0.645593551335854
2021-07-28,0.0,,0.5454608325212063,0.4925124515155968
2021-07-29,0.38168100170668645,,1.2478522336769757,-0.8492158116753776
2021-07-30,,,,0.941517994071382
2021-08-02,-4.024767801857585,,-0.16432407790444442,0.04081186376203927
2021-08-03,-0.9234620104740033,,-0.9153318077803204,0.727802037845706
2021-08-04,0.12062726176115801,0.6294329533216978,-0.13311195723603905,-0.09175416260177612
2021-08-05,1.0362694300518136,,1.017958106113363,0.6913701031348091
2021-08-06,0.45662100456621,,-0.4247657505243072,-0.7796455984497845
2021-08-09,0.32102728731942215,,0.071629243515932,-0.15130893133885737
2021-08-10,,,0.15511530877521376,-0.5229875072238755
2021-08-11,,-0.1434720229555237,0.23947583301670208,0.7256073988164272
2021-08-12,1.3281377804974268,,,
2021-08-13,-0.8650370600362162,,-0.7518796992481203,-0.45045045045045046
2021-08-17,0.21655396412483308,,1.2447571508559283,
2021-08-18,,,-0.6060606060606061,
2021-08-20,1.744186046511628,,,
2021-08-23,1.402805611222445,,0.8915304606240713,-0.16891891891891891
2021-08-24,0.13229003104791034,,-0.23612750885478156,-0.15384615384615385
2021-08-25,0.19743336623889435,,4.571428571428571,
2021-08-26,0.9215500945179584,,-0.6674993341834777,-0.2808988764044944
2021-08-27,1.2185015806758541,0.43859649122807015,0.6552070494705727,0.7680657075680956
2021-08-30,0.22618771726535342,,0.708742385533002,-0.05769080441080429
2021-08-31,,,0.17224357237366278,-0.35866006387633675
2021-09-01,,,0.174256260447304,-0.1102713271297059
2021-09-02,0.0,,1.1006755148551808,0.012529689000827248
2021-09-03,2.4890190336749636,,1.0516547536029752,0.17805106712250293
2021-09-06,3.063320022818026,,-0.6781720952843948,-0.09097982772507897
2021-09-07,0.03808073115003808,,-0.5188067444876783,-0.7907056282922698
2021-09-08,,14.759655259456924,-0.9615384615384616,0.3268944150319424
2021-09-09,,,1.9378091051620356,0.7834342846283898
2021-09-10,,0.0,0.07757951900698215,0.05530973451327434
2021-09-13,,,0.21436227224008575,
2021-09-14,,,-1.2945354565242295,1.2941176470588236
2021-09-15,0.2259208569086336,,,0.49518130025025286
2021-09-16,,,-0.06348823313109027,-0.04370805643477439
2021-09-17,-0.9911894273127754,,-1.2594458438287155,-1.7223910840932117
2021-09-23,0.3207184092366902,,0.49938257080963544,1.613241148124869
2021-09-24,,,0.2014858154897252,
2021-09-27,-3.10077519379845,,0.42062122519413286,
2021-09-28,-0.29645448478088815,0.1834862385321101,1.1341442668506585,-1.804123711340206
2021-09-30,0.33500837520938026,,0.3835301958592739,0.0
2021-10-01,-0.247880316726228,,-0.966183574879227,-2.0100502512562812
2021-10-06,1.3588634959851762,,,
2021-10-07,0.3686554328211036,,-0.22026431718061676,0.130718954248366
2021-10-08,,,1.361573373676248,
2021-10-12,0.3752587991718427,,0.6042187431478314,1.3513513513513513
2021-10-13,,,0.4044819452171235,
2021-10-14,,,0.06959974112479081,-0.4732764597715009
2021-10-15,0.6176297296311235,,0.16304682550606428,0.6974673566123821
2021-10-18,0.4484304932735426,,0.5122555170812422,1.2656051456875763
2021-10-19,,,0.44151738271727836,0.38486438755309155
2021-10-20,,,-0.17216564833672776,0.04892900405484225
2021-10-21,,,0.08291873963515754,-0.5609686193157457
2021-10-22,,,-0.5804052774597454,0.1141144843396569
2021-10-25,0.6944444444444444,,,0.1395332575781074
2021-10-26,,,,0.33059811981691695
2021-10-27,,,-0.6027602677563126,0.38419689633848175
2021-10-28,0.7502131506891657,1.573849878934625,1.391934834176252,0.5972821940102584
2021-10-29,0.5181347150259068,,0.8808594726261664,
2021-11-01,0.10845986984815618,,0.7036643170368517,-0.597980572964553
2021-11-02,0.06526803702882743,,0.8201293851953824,
2021-11-03,1.3853509374311663,,1.1363636363636365,
2021-11-04,,,1.6809108719725148,
2021-11-05,0.6803493378960257,,-0.6093694702218125,0.6635516811582558
2021-11-08,0.10952902519167579,,0.5681818181818182,0.0
2021-11-09,,-1.5560495395363607,0.0,
2021-11-10,,,0.4694835680751174,-0.5889847319639095
2021-11-11,-0.6946735614819168,,4.237199385639545,1.844066785927251
2021-11-12,-1.0968921389396709,,1.6366612111292964,0.0
2021-11-15,0.4376938442482808,0.1400560224089636,-0.8180890931384852,-0.3179650238473768
2021-11-16,0.2651229966463881,3.896103896103896,1.4749262536873156,0.07161043235577397
2021-11-17,0.8318759974389114,,0.5407323533494877,-0.2302862733321234
2021-11-18,-1.4822134387351777,,-0.6354070758569137,4.489795918367347
2021-11-19,0.9702861335289802,0.8287292817679558,0.7751141027558305,
2021-11-22,0.6864988558352403,,,-0.5059342431685412
2021-11-23,7.088989441930618,,0.5020676588077461,
2021-11-24,,-0.4424778761061947,-0.9348598310291859,-0.02989646964793885
2021-11-25,,,1.3095238095238095,-0.1953125
2021-11-26,,,-3.7234543208424027,
2021-11-29,,,-0.10329198330578217,
2021-11-30,1.9403805206401539,,0.41733630561461926,
2021-12-01,,,0.0,
2021-12-03,,,0.4259914303871821,
2021-12-06,0.8393148316929375,,0.16806722689075632,0.0
2021-12-07,0.4655493482309125,,0.6785648799891024,1.019714828116626
2021-12-08,1.1705685618729096,,0.11201529246968832,0.30878276205317484
2021-12-09,-1.8047075989709327,,-0.3569273779469307,-0.6053337813589874
2021-12-10,,,-0.18501387604070305,0.13990581934949486
2021-12-13,0.0,,-1.4841213953248715,-0.6912981676218325
2021-12-14,,,-0.04912785268574475,-0.15617356977672128
2021-12-15,,,0.3985950329130406,0.6132162988762714
2021-12-16,,-1.0645375914836992,,0.284459363658691
2021-12-17,-0.7619047619047619,,-0.4784688995215311,-0.09025270758122744
2021-12-20,,,,0.6270410445944878
2021-12-21,-0.9411764705882352,,-0.9234828496042217,0.927597290936728
2021-12-22,,,,0.7734542150678775
2021-12-23,0.1088139281828074,,,0.4272743457361581
2021-12-24,,0.2840909090909091,0.0,0.2589717831895593
2021-12-27,,0.9832563691766405,,0.34293753999780185
2021-12-28,-0.4005340453938585,,2.7917100562654387,-0.15985824804869417
2021-12-29,,,-0.28045121977551724,-0.14496624442780373
2021-12-30,-0.38022813688212925,,0.23883374689826306,-0.7037106138261795
2022-01-03,0.09268231480243934,,-0.11896871153018118,
2022-01-04,-0.0012563325220469666,,-0.5563327616118526,1.3205282112845138
2022-01-05,-0.8125542741802412,,-1.239659537177537,-1.7341212234954226
2022-01-06,0.5163603937780887,,0.2635448216517757,2.3832703765722965
2022-01-07,,0.0,0.5665677462514912,-0.13549022828050583
2022-01-10,-0.6558957272479621,,-0.9997219771730302,
2022-01-11,0.019866761836783257,,0.0,
2022-01-12,,,0.0,0.47233468286099867
2022-01-13,0.08576843904199756,,-0.03447312499364853,-0.7575757575757576
2022-01-14,,,-0.5405405405405406,
2022-01-17,,,0.6687397918592237,-0.07309941520467836
2022-01-18,,,-0.9765982292830491,-1.2078682991291056
2022-01-19,,,0.4702194357366771,0.0
2022-01-20,,,,-0.22075055187637968
2022-01-21,,,-1.3552758954501452,
2022-01-25,,,1.2869484506640012,
2022-01-26,,,1.2364158361971047,0.554016620498615
2022-01-28,,,2.3124603586461396,
2022-02-03,-0.7509466382410029,,,
2022-02-04,-0.44325574399278,,-0.16891891891891891,-0.06992780169124155
2022-02-07,0.6864842876736146,,0.9946617279876194,1.2805540188907327
2022-02-08,0.9067357512953367,,0.5834773053942384,0.6392096179772029
2022-02-09,1.7386759581881535,,-1.123318747754269,0.12202326620078326
2022-02-10,0.0,,-1.5568315245045607,-1.133442344393045
2022-02-11,,,-0.4177058563487245,-0.788118353911878
2022-02-14,,,0.2534164169820926,-0.22003076857695944
2022-02-15,,,2.4854422887475436,0.7628294036061026
2022-02-16,,,0.44052600832170913,
2022-02-17,-0.6753790793709288,,,-1.6910935738444193
2022-02-18,-2.408256880733945,,-0.2777777777777778,-2.028160520479156
2022-02-21,,-2.0162329296573045,-2.1792181818524092,-1.792796440340009
2022-02-22,,,1.4876291400369321,0.8001341603080335
2022-02-23,,,-0.966183574879227,-1.0251188720009734
2022-02-24,-6.25,,,
2022-02-25,5.335628227194492,,,-0.13382002910798724
2022-02-28,,,0.0,1.3559322033898304
2022-03-02,-0.440815557616073,0.2982107355864811,-2.0033029987391044,0.6695697077617093
2022-03-03,-0.2626408055405064,,-0.2214593588885893,-0.7021994792695466
2022-03-04,0.0,,-0.4737847003310264,-1.565286896322986
2022-03-07,,,0.38715994495607076,-1.3856055879532483
2022-03-08,,,3.1465188796535113,
2022-03-10,-1.3793103448275863,,-0.696881128989727,-0.08517887563884156
2022-03-11,,,,0.7751937984496124
2022-03-14,,,-0.1519756838905775,0.24481531476254756
2022-03-15,,,,1.538241827991114
2022-03-16,1.3819961400606562,,1.3429568153486415,1.5249556266915394
2022-03-17,-0.5294961979269388,,-0.8112617176781717,-0.22412213265807443
2022-03-18,2.2661055357720947,,,0.17927208086469337
2022-03-21,0.4636417481620061,,0.12696534358359082,0.15457711013392578
2022-03-22,,,0.927197643498167,1.1101957107706302
2022-03-23,-0.28927301837127894,-1.240694789081886,-1.0890564956966402,-0.664796586192389
2022-03-24,,,-0.07543937842084496,0.7589513697602285
2022-03-25,,,-0.001490224129709108,0.008980046771210932
2022-03-28,-0.6968641114982579,,2.305159165751921,0.6601202540019817
2022-03-29,,,,0.7020127281629945
2022-03-30,,,0.12562814070351758,0.2824858757062147
2022-03-31,5.670931270455222,,,-0.818455929343495
2022-04-01,0.8460533934533269,-0.4,,0.08923372414333985
2022-04-04,,,0.1660249087796009,0.5168805303564701
2022-04-05,,,-1.5332197614991483,-0.8352606187984032
2022-04-06,,,,-1.0489793249949908
2022-04-07,,,1.5113350125944585,
2022-04-08,-0.49322930678862886,,,-0.4716981132075472
2022-04-11,0.9242144177449169,,,
2022-04-13,0.19158775727845495,,0.7874015748031495,0.6153846153846154
2022-04-14,0.02010838618595413,,-0.8884004007026036,-0.3717252596830044
2022-04-15,-0.0486596490002981,,0.5681568712394154,0.1460529408523124
2022-04-18,0.0,,0.11174720034676289,0.47393364928909953
2022-04-19,0.49665450121654503,,-0.02613018320175667,-0.48119133271619474
2022-04-20,0.6417112299465241,,0.06230140231284671,0.2985074626865672
2022-04-21,,,-0.6867538496561488,-0.5424861090811984
2022-04-22,-1.0845482905710828,-1.163626328770431,-1.7500069650013172,-0.951069880552433
2022-04-25,,,-0.1820388349514563,2.2253129346314324
2022-04-26,,,-2.4141657451571055,
2022-04-27,,,0.8830022075055187,
2022-04-28,-0.35341222645723197,,-0.43296378418329634,0.7017543859649122
2022-04-29,-1.2987012987012987,,-0.5932677745519532,
2022-05-02,,2.0260492040520983,0.171210790857218,-0.15421358229826904
2022-05-03,0.6651884700665188,,0.2826015536139665,
2022-05-04,-0.443213296398892,,-1.2279362392172082,-2.0408163265306123
2022-05-06,0.1176470588235294,,-0.5511775430560368,
2022-05-10,,,-0.40705563093622793,
2022-05-11,,,-1.2121212121212122,
2022-05-12,7.893932538890615,,0.6442402939973959,
2022-05-13,7.426970788315327,,0.1092896174863388,
2022-05-16,,,0.021982896778469856,-0.8620689655172413
2022-05-17,-0.5302820673187043,,0.9306773593374857,0.9697407783182159
2022-05-18,-1.6887816646562124,,-2.8229884886748784,-2.63336700848435
2022-05-19,-0.10351966873706005,,0.8469257382445448,0.2958579881656805
2022-05-20,1.062573789846517,,1.2082632888033051,0.6041980371443324
2022-05-23,-3.1578947368421053,,0.18750981719077048,0.03673486677239552
2022-05-24,,,0.7492731107622591,0.7221130157892278
2022-05-25,,,2.564102564102564,0.19729206645141267
2022-05-26,,,1.7304421280934572,0.9760309832530768
2022-05-27,,,0.6854502429723669,1.0528495504094315
2022-05-30,0.0,,0.5931400362954936,0.1182577478996184
2022-05-31,-0.96,-1.7241379310344827,-0.5976180202501374,-0.5412111418712563
2022-06-02,0.8394516463797072,,0.7296672054325135,0.8755308547874517
2022-06-03,-0.43478260869565216,,0.24218229710270595,-0.3044197886544784
2022-06-07,,,0.5148005148005148,0.4325859487429323
2022-06-16,-0.9227954264561173,,,
2022-06-20,,,1.2295081967213115,
2022-06-21,,,0.12326571235845135,0.931098696461825
2022-06-22,,,,-0.6685972366513838
2022-06-23,,,1.097560975609756,1.5037593984962405
2022-06-24,1.165307908433513,,0.8531996569479123,
2022-06-27,,,-0.0869387573223047,0.7518796992481203
2022-06-28,-1.429187789882429,,-1.4120667522464698,-1.4945652173913044
2022-06-29,0.7643312101910829,,-0.2395692560940073,-0.30700056739129783
2022-06-30,3.7037037037037033,,0.45404280123363544,0.9464179915078503
2022-07-01,,,-0.4424778761061947,0.6025787901251208
2022-07-04,,,1.6129032258064515,0.49634475290267555
2022-07-05,,,-1.162556987986249,-0.7222491015495038
2022-07-06,,,1.8524570321955942,0.9462708701920475
2022-07-07,3.5838150289017343,,0.5710024717107101,0.8364312267657992
2022-07-08,,,1.8292682926829267,0.02816968360488577
2022-07-11,,,-0.8391093770613253,-0.7383221016353794
2022-07-12,-1.5950920245398774,,0.0,1.0650015100104813
2022-07-13,-0.2380952380952381,,,-0.9473199436062983
2022-07-14,,,1.3735698315137568,0.34000485063915326
2022-07-15,,,0.7577080655504378,1.4323183829521158
2022-07-18,,,,-0.4818123523159495
2022-07-19,,0.6568144499178982,1.3944011036276627,1.9734060822372483
2022-07-20,,,0.11757135848952491,0.3871512870378332
2022-07-21,0.0,-2.2847100175746924,-0.3832236894940463,-0.19836138018627947
2022-07-22,,,-0.3731662597152842,-0.44171212926591435
2022-07-25,,,0.3558718861209964,-0.033801254591549805
2022-07-26,,,0.11584212089933203,-0.04292430365364212
2022-07-27,,,,0.9597073170293082
2022-07-28,,,0.24271844660194172,1.0348256927111879
2022-07-29,0.36036036036036034,,-1.4413031222636712,-0.15398389308536772
2022-08-01,,,,-0.09097794322915378
2022-08-02,-0.9681686322530794,,-0.08417979063771626,-0.11335806537667507
2022-08-03,2.627726280814323,,0.49369615842419245,1.2532157858265358
2022-08-04,-0.5896952456059557,,0.5566061401554069,0.04342452048824471
2022-08-05,,,-0.8241758241758242,-0.11312217194570137
2022-08-08,-0.6068608347861758,,0.0,
2022-08-09,-0.2333722287047841,,-0.41412420411600065,0.0
2022-08-10,,,0.9760997931522722,0.0
2022-08-11,,,0.2732389251997095,
2022-08-12,,,,0.3640776699029126
2022-08-16,0.18114327952864387,,0.5434944439996968,0.6607929515418502
2022-08-17,-1.2640449438202246,,-0.43383947939262474,
2022-08-18,,0.16181229773462785,0.6894982436486125,-0.10807687368916663
2022-08-19,,,,-2.1922428330522767
2022-08-24,,,,0.5084745762711864
2022-08-25,1.914573753095154,,,0.0
2022-08-26,-2.3728957834486355,,-3.333977228507199,-3.338008415147265
2022-08-29,1.0875655011040437,,,0.16286644951140067
2022-08-30,-0.1644736842105263,,-0.6756756756756757,-0.779482306091049
2022-08-31,-0.924531852827703,,-0.09199439670492805,-0.6377551020408163
2022-09-01,,,1.8487394957983194,
2022-09-02,-0.004338394793926247,,-0.38022813688212925,0.24752475247524752
2022-09-05,,,0.04567965547283957,0.8549644690090802
2022-09-06,,,-0.2770083102493075,-0.6711409395973155
2022-09-07,,,,0.8373205741626795
2022-09-08,2.556525899590995,,1.1862396204033214,0.0
2022-09-13,-3.086167754332746,,-3.020792839602158,-3.0516265506482587
2022-09-14,,,0.6975021858478317,
2022-09-15,,,-0.6840049311077749,0.44742729306487694
2022-09-16,-0.9003317639112383,,0.03624356937525678,0.2332413246390126
2022-09-19,,,1.73844513467155,1.9548060341479327
2022-09-20,,,-1.4608435653993876,-1.4563106796116505
2022-09-21,,,-0.6120060513069798,
2022-09-22,,,0.5697640608599529,
2022-09-23,,,-0.2544529262086514,-0.41841004184100417
2022-09-26,,-0.1869158878504673,0.5753929905939956,
2022-09-27,,,-0.8875642211850596,
2022-09-30,0.0,,,
2022-10-04,,,,0.9009009009009009
2022-10-05,,,0.7481704893502608,
2022-10-06,,,-0.8843470211372475,0.0
2022-10-07,,,-1.6964658883532033,-2.1974063647456243
2022-10-11,0.0,,-0.2579096723583416,0.0
2022-10-12,,,0.07680491551459294,-0.03444136985005437
2022-10-13,,,1.263157894736842,1.8545685423841098
2022-10-14,,,-0.5034918098502954,-0.9260567543939797
2022-10-17,,,1.6785284846121349,1.948623282936818
2022-10-18,,,-0.42659215866474265,0.09796332974462177
2022-10-19,,,-0.5157080730402166,-0.594806283617024
2022-10-20,,0.0,-1.0261534849269482,-0.5054075773708046
2022-10-21,,,2.1592508127517105,1.5598564483721329
2022-10-24,,,1.5210966163880963,0.4604640083907268
2022-10-25,,,-0.6097560975609756,0.7542163492901511
2022-10-26,,,,0.5014976701651037
2022-10-27,,-0.45202400960384154,0.96815834767642,-0.21293280354774563
2022-10-28,3.197353914002205,,0.9164991208871942,1.0269126989070332
2022-10-31,,,-0.287244065537606,0.18920708108726453
2022-11-01,-1.4366204608954556,,0.18013114805558986,-0.3910401858486278
2022-11-02,,,-2.163357384048573,-2.2579971119954907
2022-11-03,,,0.1273093934897514,-0.20975157753875343
2022-11-04,-0.60882800608828,,1.0125467752586397,-0.0964073485102109
2022-11-07,0.0,,0.08403361344537816,0.6257406787254898
2022-11-08,,,0.32127268515662216,
2022-11-09,-1.753767731261049,,-0.5465365006133387,-0.7941886845775623
2022-11-10,,,3.8363171355498724,2.1521906225980016
2022-11-11,0.8248066771532028,,0.2600821805461408,0.21390374331550802
2022-11-14,0.9569377990430622,,0.3028990408992566,0.8015420448156775
2022-11-15,,,0.7222832574441235,
2022-11-16,0.516795865633075,,-0.11235955056179776,
2022-11-17,,,-0.2936076547716491,-0.6805874935093835
2022-11-18,,,2.1645021645021645,
2022-11-23,,,-0.6172839506172839,
2022-11-24,,0.28735632183908044,,0.4464285714285714
2022-11-25,1.9867549668874174,-0.5514705882352942,,-0.27359781121751026
2022-11-28,,,,0.3014006354307923
2022-11-29,,,,-0.5823378216549348
2022-11-30,,,,1.1923703484440134
2022-12-01,,,0.3649202311803791,0.1457725947521866
2022-12-02,,-0.5524861878453038,,0.7583965330444203
2022-12-05,-0.6681514476614699,,-0.35360872871100174,-0.9029563414896493
2022-12-06,0.0,,-2.515723270440252,
2022-12-07,,,0.08298755186721991,0.3914958063838933
2022-12-08,0.15569642800955255,,0.8557457212713936,2.1065675340768277
2022-12-09,-1.2093352192362095,,-0.05549389567147614,-0.36231884057971014
2022-12-12,0.5543162560553305,,,0.9230769230769231
2022-12-13,0.6903547578122798,,0.09474437430314235,1.0182510054788003
2022-12-14,,-0.06443298969072164,-0.3533604077082338,-0.24885791592030188
2022-12-15,0.6578947368421052,,-1.1634199134199135,-1.4566243363845306
2022-12-16,,,1.3256897169473307,-0.41285752196724956
2022-12-19,,,-0.22403672445130218,-0.4382303839732888
2022-12-20,,,0.21008403361344538,1.215277777777778
2022-12-21,,,,0.8600072193307361
2022-12-22,,-0.5042016806722689,-0.12804097311139565,-1.1735874961626154
2022-12-23,,,0.0,0.11337868480725624
2022-12-26,,,0.13015111051012473,0.5980505866905312
2022-12-27,-0.5378754650161638,1.0183299389002036,-1.5131899017461306,-2.1157228925308624
2022-12-28,0.0,,0.13076620490957994,-0.9174311926605505
2023-01-02,,,0.07021690640724715,-0.3590664272890485
2023-01-03,,,-0.2840909090909091,-1.2738853503184715
2023-01-05,,,-0.5760414590392665,
2023-01-06,1.2711864406779663,,1.477537606980177,2.057469351430673
2023-01-09,-0.2220883395118728,,-0.12060848779328966,0.48756756106786336
2023-01-10,-0.10526315789473684,,0.5548833186981601,
2023-01-11,0.6596306068601583,,0.48575530837489445,0.8602893658040229
2023-01-12,,,0.5760416530162853,0.43241365930984105
2023-01-13,-0.25093027810419116,0.42674253200568996,-0.09046452899761155,0.47620702441670576
2023-01-16,,,-0.11444385780802067,-0.030079260044992555
2023-01-17,,,0.21291705167979785,0.0
2023-01-18,,,-0.8930625976973189,-0.7887371918006227
2023-01-19,,1.3824884792626728,-0.14966850226321626,-0.1534720163215306
2023-01-20,1.203369434416366,,0.1692053799296551,0.3639425447172936
2023-01-25,,,0.870541188010488,-0.1555672112628697
2023-01-26,1.4799154334038054,,-0.5409326062639822,0.14800464275206368
2023-01-27,,,1.3888888888888888,0.20090333817710507
2023-01-30,,,-0.333969465648855,-0.12610340479192939
2023-01-31,,,,-0.3090712648291254
2023-02-01,1.445466491458607,,1.0523703152146935,0.29701585994012086
2023-02-02,,,-0.6157635467980296,0.2466091245376079
2023-02-03,,,-0.18587360594795538,
2023-02-06,,,-0.4000286708036819,
2023-02-07,,,0.4629629629629629,2.6132404181184667
2023-02-08,-1.0135395080720424,,-0.17878426698450536,-0.6056527590847914
2023-02-09,,,0.8113590263691683,-0.8985879332477535
2023-02-10,,,0.23560655331537056,0.35110100653639675
2023-02-13,,,0.0,0.6359300476947536
2023-02-14,-0.6749156355455568,,0.3706273043768708,
2023-02-15,0.5809244518921939,,,
2023-02-16,-1.35913133719189,,-1.130487121118505,-0.3086442832573095
2023-02-17,2.85012285012285,,1.4306151645207439,-0.6258181583362519
2023-02-20,0.663047113352533,0.0,0.3454231433506045,-0.20597322348094746
2023-02-21,-1.2263776247475917,-0.16433853738701726,-1.9765182870174844,-1.0842842404776436
2023-02-22,0.4037685060565276,,0.32937809270709145,0.8375209380234505
2023-02-23,,,0.4250797024442083,0.24171837902106996
2023-02-24,-0.464841309385405,,0.6785629188638189,-0.8183306055646482
2023-02-27,2.4757804090419806,,0.11467889908256881,
2023-02-28,,,,-0.881057268722467
2023-03-02,0.6466268359472243,,-0.002009323259926057,0.04308356196229181
2023-03-03,2.0231908184923864,,0.23510971786833856,2.7027027027027026
2023-03-06,0.8862196402281258,0.0,-0.10432382959905755,
2023-03-07,-1.026380653725637,,-1.2310747840522829,-1.270320707212896
2023-03-08,1.532033426183844,,1.028045593788338,1.2915129151291513
2023-03-09,0.21074815595363539,,-1.6845876773653732,
2023-03-10,,,-0.6190933495045865,-0.7042878349248961
2023-03-14,,,,0.9249743062692704
2023-03-17,,,0.0,
2023-03-20,,,0.3879122037932541,0.9137844821549266
2023-03-21,,0.49627791563275436,2.0393868526490366,2.523133276710421
2023-03-22,,-0.5546311702717693,-0.497427351218517,-0.32371621163560665
2023-03-23,,,0.4623264902380314,0.26507160810572766
2023-03-24,2.7327935222672064,,1.0331966221658937,0.30695373298117096
2023-03-27,-0.5050505050505051,,0.7446808510638299,0.6486966570993937
2023-03-28,-1.5532410486027988,,-0.028292510861229556,0.16392962919789456
2023-03-29,0.10438413361169101,,0.1474352933597781,0.07339642012792195
2023-03-30,0.07407006743053744,,0.43527655616496935,0.49774937310210055
2023-03-31,0.30864197530864196,,0.8532659640281726,0.1503090049905645
2023-04-03,-0.20401644353091494,,0.5763614540976565,0.32006971245178295
2023-04-04,0.16609319190686975,,0.2747935170911453,0.27273887048645895
2023-04-05,,,0.2880320745684479,0.02643617316229372
2023-04-06,-0.001956640839007592,,-0.04083199507058206,0.9560877543625887
2023-04-07,,,-0.24623746018198797,-0.12224938875305623
2023-04-10,,,0.18679950186799502,-0.4037685060565276
2023-04-11,0.1485884101040119,,0.5188067444876783,0.9090909090909091
2023-04-12,0.4428142030672354,,-0.2707581227436823,
2023-04-13,1.093673284322146,-0.5208333333333333,0.6258716550810355,0.5405405405405406
2023-04-14,0.12345679012345678,,-0.0820119207448188,0.03318493954830146
2023-04-17,0.3152262919826443,,-0.2899489703168258,-0.4453557519562913
2023-04-18,,,-0.08230785861149624,0.05078171511844134
2023-04-19,0.06944444444444445,,0.0,-0.16611295681063123
2023-04-20,,,0.0,-0.22271714922048996
2023-04-21,,,,0.6944444444444444
2023-04-24,0.2136752136752137,,,
2023-04-25,,,-0.6616257088846881,-0.22624434389140274
2023-04-26,,,,-0.7625272331154684
2023-04-27,,0.0,0.18832391713747645,
2023-04-28,,,,0.0
2023-05-02,5.2734375,0.052083333333333336,-1.200869634988895,-1.1818360016394236
2023-05-03,-1.6560509554140128,,-0.8563350134949148,-0.4365821239071939
2023-05-04,0.0,,0.38873283143692633,0.43090972337045663
2023-05-08,0.08125481843846535,,-0.11909275498401237,-0.05987616405138267
2023-05-09,0.48602673147023084,0.16,0.2698886103890707,0.4096246717866987
2023-05-10,,,0.46656298600311047,0.4008217734439294
2023-05-11,,,-1.0443864229765014,0.7642476145942543
2023-05-12,,,-0.7338231289035818,-0.6117670098052336
2023-05-15,-0.8000620804718116,,-0.6651884700665188,1.8418095250538435
2023-05-16,0.7067137809187279,,-0.3197063507770019,-1.3605442176870748
2023-05-17,0.9793253536452665,-0.437636761487965,,0.7118355760802256
2023-05-18,1.4586709886547813,-0.37531276063386154,,0.20731315035150177
2023-05-19,0.0489162198561736,,-0.006617257808364215,-0.009411070262794795
2023-05-22,0.32194529295332147,-0.0011469994494402642,0.48624633126557787,0.5754813962990656
2023-05-23,,,-0.8116490581428742,-0.5089057671923869
2023-05-24,,,1.111778501176055,-0.30195880325169283
2023-05-25,,,-0.7431277894488459,-0.011872294450541276
2023-05-26,,,0.0,0.35468326032874
2023-05-30,0.34982872968442535,,0.0,
2023-05-31,,,-0.6811408410580063,-0.5112474437627812
2023-06-01,,-0.8350730688935281,,0.7619047619047619
2023-06-02,0.5340163385563144,1.662049861495845,0.0,0.3886927916246459
2023-06-05,-0.47072026704267494,0.14144271570014144,0.3778337531486146,0.1121945984289724
2023-06-07,-0.0595558743809883,-0.4569957204557409,-0.020987919012149137,-0.12272983137133378
2023-06-08,0.6473200769970034,0.14619883040935672,0.8042240697184019,0.30551484796942713
2023-06-09,,,0.28762731231496136,0.5320520132617573
2023-06-12,,,0.532130314066514,0.0
2023-06-13,,,0.3401360544217687,0.4705882352941176
2023-06-14,-1.7777777777777777,0.9573542210617928,0.0,
2023-06-15,0.0,,,
2023-06-16,0.888585099111415,,,
2023-06-19,1.1216656919923922,,-0.2886002886002886,
2023-06-20,0.0052039192946459,,,0.5279595579071326
2023-06-21,,,2.030456852791878,
2023-06-22,0.1519756838905775,,-0.42602633617350893,-0.4902431990771893
2023-06-23,,,-0.06944444444444445,0.2514668901927913
2023-06-26,,,,-1.3215859030837005
2023-06-27,1.40405616224649,0.17772511848341233,-0.00316637061101455,0.39697422369132
2023-06-28,,,0.24687157952783664,-0.5769382253019365
2023-06-29,0.21598272138228944,,-0.38461538461538464,
2023-06-30,,0.0,,0.33300046090029195
2023-07-03,-0.7112375533428165,,-0.7352941176470588,0.41444293866125353
2023-07-04,,,,0.4878048780487805
2023-07-05,1.2640449438202246,,-0.3202067583886527,-0.01308682222124788
2023-07-06,,,-0.5308957829644577,-0.6423116103490119
2023-07-07,,,0.9601060190777495,-0.13506247914271946
2023-07-10,,,-1.019108280254777,-0.26086956521739135
2023-07-11,0.0,,0.7364602928035439,
2023-07-12,,,0.7751937984496124,
2023-07-13,4.975728155339806,,-0.04676095076633139,0.5887474647026061
2023-07-14,-0.6501852018475271,-0.482573726541555,-0.3754218966269974,-0.4662560371841738
2023-07-17,0.48571136242685,,0.7858935538741835,-0.09751936981453149
2023-07-18,-0.1639721499822044,,0.35816422336296433,-0.052736087472278086
2023-07-19,-1.6631267652636426,-0.8,-1.0886844089086323,0.017434729861228
2023-07-20,-1.3952903244007935,,-0.6570840550871331,0.0938651381418059
2023-07-21,0.9608785175017158,,0.8210289866980452,-0.2554278416347382
2023-07-24,1.675041876046901,,1.373346897253306,-0.096879830370729
2023-07-25,3.9465639093887046,0.7666207710464202,-0.6856784215274782,-0.4524886877828055
2023-07-26,,,0.38283598210874265,
2023-07-27,0.4505728139004879,,0.6675567423230975,-0.32397408207343414
2023-07-28,,,0.4575163398692811,1.6641452344931922
2023-07-31,-0.8494208494208495,0.0,-0.21425416160941993,-0.7119397740174083
2023-08-01,0.11117083692288857,,-0.2911844225516707,-0.9229943654413738
2023-08-02,-0.031665611146295125,,-0.17466589272978209,-0.15259210933710818
2023-08-03,0.7397508790477434,,0.03968253968253968,-0.07186217819693953
2023-08-04,-0.6330202197102373,,0.25840985392201987,-0.39678593303373294
2023-08-07,0.6211180124223602,1.0550996483001172,0.2644134190437927,0.6677170519491373
2023-08-08,,,-0.2159001184366364,
2023-08-09,,,0.1583899280250897,4.204309710446329
2023-08-10,0.9005357032901624,,0.7607457633151364,-0.34676843590547524
2023-08-11,,,0.23028209556706966,-0.07072135785007072
2023-08-14,,,-0.8908357395164493,-1.3938599880206326
2023-08-16,,,,-1.0169965453687195
2023-08-17,,,-1.3002364066193852,-1.7435897435897436
2023-08-18,9.838709677419356,,-0.2052334530528476,2.0408163265306123
2023-08-22,,,-1.1627906976744187,
2023-08-23,7.6,,6.109682947729221,1.5880529313973415
2023-08-24,,,,-1.1614692021325
2023-08-25,1.6352201257861636,,0.9164150289589624,0.8244954797190955
2023-08-28,,-0.3076064312271363,,0.5924062255688723
2023-08-29,1.5603799185888738,,0.8544430539669808,1.0723000998972418
2023-08-30,,0.628930817610063,0.05252273332916555,0.13762696595465995
2023-08-31,1.4234875444839856,,-0.2290909180171872,-0.10358655499236893
2023-09-01,0.5702149012008166,,-0.16790064554209796,0.29312670666243806
2023-09-04,-0.781973401711489,,0.36168138549310735,-0.28242105368037024
2023-09-05,0.5530973451327433,,0.41621430303032275,-0.5218835566019463
2023-09-06,,,-0.2775894106234647,-0.7247123289651703
2023-09-07,-0.3139717425431711,,,0.3519239083441418
2023-09-08,,,0.6315438555134428,0.6143540307087817
2023-09-11,0.38221894554785085,,0.8715101301956416,0.315059861373661
2023-09-12,-0.6889518315951082,,-0.13064187540442088,
2023-09-13,0.6646734956801683,0.7376185458377239,0.8738807993824663,0.007965569727263627
2023-09-14,-7.185867895545315,,2.4691358024691357,-0.43392759112951956
2023-09-15,-0.7491551368138196,,-0.6945698756082541,-1.2349701189061448
2023-09-18,-0.18506275605773756,0.19743336623889435,0.33735033735033737,0.0785237534354142
2023-09-19,,,-0.1528944901752044,0.45620437956204374
2023-09-20,0.10638297872340426,,-0.6792862654703348,-0.8313812220343512
2023-09-21,,,-2.886238532110092,-2.025024869211834
2023-09-25,,,-0.5915313441949578,-0.09970089730807577
2023-09-26,,,,-1.1502272901089254
2023-09-27,2.146805290598738,-1.089108910891089,,8.838530036115017
2023-10-06,2.155887230514096,,1.8487394957983194,0.6221187365339678
2023-10-10,-0.338153203865278,,2.0916992778225434,0.2857142857142857
2023-10-11,,,0.7902448494216239,
2023-10-12,,,-1.1370988807844555,-0.8752742241020003
2023-10-13,,,-0.8857607525109349,-0.45955434334123935
2023-10-16,,,1.129873686682345,0.6815586003919191
2023-10-17,0.34207525655644244,,0.8696423462088697,-0.40984074644858837
2023-10-18,,,-0.8536118224400716,-1.2126059654368797
2023-10-19,,,-1.2304796785893672,
2023-10-20,2.389401466761296,,-0.26702269692923897,0.42561714486004704
2023-10-23,,,1.117636631290126,
2023-10-24,-0.0041704896154808576,,0.0,
2023-10-25,,,,-1.6091954022988506
2023-10-26,,,,1.747311827956989
2023-10-27,1.3020833333333335,,-0.39136998416143626,
2023-10-30,0.6160164271047228,,2.5546738762182146,1.8159806295399514
2023-10-31,,,1.1313603785138369,0.3128528215110585
2023-11-01,1.6744942352768193,,2.6061148341689075,1.2654105698484752
2023-11-02,0.0,2.005730659025788,-0.4132231404958678,0.5771245172054793
2023-11-03,1.99501246882793,,0.9178805812285346,1.2434473457569213
2023-11-06,-0.030307336359889116,-0.8202526458325909,0.5353220168015934,-0.8374864371764572
2023-11-07,1.0297698903450256,,-0.16190558146185152,0.8771523305160984
2023-11-08,-0.6211180124223602,,0.9197292134077542,-0.5157709318538873
2023-11-09,-1.0204081632653061,,-1.3695633627900232,-1.551166388235222
2023-11-10,,,1.350483710450017,1.1616957655150515
2023-11-13,,,0.425337991797053,
2023-11-14,1.3776019673768132,,4.705882352941177,1.050490711674866
2023-11-15,0.3110419906687403,,,-0.05309310713199343
2023-11-16,-0.47767926404762934,,,-0.6312731306311474
2023-11-17,,,-1.8184211825197216,0.17897629958149314
2023-11-20,0.546448087431694,,,0.6719767800866857
2023-11-21,,,,-0.2478185991058872
2023-11-22,0.46783625730994155,,,-0.057273768613974804
2023-11-23,,,,0.18510382244708967
2023-11-24,,,0.5979073243647235,0.30773580391901
2023-11-28,,,,-0.6024222488038278
2023-11-29,,,,-1.65455231087661
2023-11-30,-1.4522821576763485,,1.9337016574585635,-1.025481227786002
2023-12-01,0.14580942275348824,,1.841620626151013,
2023-12-04,2.7696793002915454,,-0.510582818960064,-0.0309439499792644
2023-12-05,0.1278772378516624,,0.0,
2023-12-06,-0.3848010439092399,,-0.2269500786619887,-0.4223612555781528
2023-12-07,,,0.5067567567567568,0.2862881904981858
2023-12-08,,,0.2702702702702703,
2023-12-11,,,0.96051227321238,0.24554795126178222
2023-12-12,0.41581376375288465,,,-0.07132161287226614
2023-12-13,,,,1.547814905796391
2023-12-14,0.15518387976325063,,-0.4368876082264717,0.1622213057106892
2023-12-15,-0.42475112710792434,,-0.4367248837475866,-0.24937655860349126
2023-12-18,-1.6411727990671663,,-0.07157586771977854,-0.24339466732147672
2023-12-19,0.1847959892639584,,1.8690557452394152,0.6719619065003039
2023-12-20,-1.1094963022059516,-1.7847769028871392,-0.7481808899737338,-0.7598784194528876
2023-12-21,-1.6611295681063125,,0.1285482964872278,0.4245910374370141
2023-12-22,8.457297851858886,,1.1837023880016215,0.3620593170677472
2023-12-26,,,-1.6794410513630889,0.3978257489493444
2023-12-27,,,0.0,-0.6010267756823564
2023-12-28,0.0,,0.0,-0.7604562737642585
2024-01-02,-2.1756319245238274,-0.008104384471999352,,-1.8261360245949487
2024-01-03,,0.1890359168241966,,
2024-01-04,0.0574052812858783,,,0.2543181049438134
2024-01-05,,,0.2180232558139535,0.9157509157509158
2024-01-08,,,1.5432098765432098,0.0
2024-01-09,0.2570694087403599,,,0.14631146433108966
2024-01-10,,0.7751937984496124,,0.941563046178032
2024-01-11,-1.896551724137931,,-0.2229990356798457,
2024-01-12,0.3683241252302026,,0.0,0.16863406408094433
2024-01-15,,,-1.0452961672473868,
2024-01-16,-3.5425298223173822,,,0.4464285714285714
2024-01-17,,,0.10537407797681769,
2024-01-18,-0.743099787685775,,,
2024-01-19,,,-0.2771967125041437,
2024-01-22,-1.2286885531070098,,0.5335374326616731,
2024-01-23,3.3991111846476407,,0.14189378529268734,
2024-01-24,2.222175347535394,,0.34008267830519434,-0.04629173352307648
2024-01-25,-0.6487582361885453,,-0.04547521600727603,-0.3692650871164164
2024-01-26,2.456330491914265,,0.2685264655115657,0.4199661196755372
2024-01-29,0.9855956791405842,,0.5371882700398951,0.9938538673508793
2024-01-30,0.16323256613149148,,-0.338898305843282,-0.05154449986304045
2024-01-31,1.1363636363636365,,-0.44266145190496564,-0.8207934336525308
2024-02-01,0.3270253771692683,,0.3923745694130862,-0.10479055120888425
2024-02-02,2.4267279539092987,,0.31985697600317936,-0.2648678400351892
2024-02-05,-1.2508229098090848,,-0.2593317589919568,0.0
2024-02-06,,,0.3173817134110655,0.8497588355394043
2024-02-07,-0.08488964346349745,,0.6406517119884545,0.12077916505770799
2024-02-08,,,0.9944634288261252,3.3271984226934226
2024-02-13,-1.1041009463722398,,-1.7139297448675825,-1.1549343908532885
2024-02-14,,,1.5107689592161087,0.6470973374072458
2024-02-15,4.219409282700422,-0.41899441340782123,0.8554510531921242,1.1524941200306684
2024-02-16,0.1675041876046901,,0.04634114643604536,-0.05430896122858758
2024-02-19,,,0.1404494382022472,0.12810835385733377
2024-02-20,-1.5706806282722512,,-0.37957516990839213,
2024-02-21,0.2631578947368421,,0.7078705417058674,0.18072289156626506
2024-02-22,-0.47393364928909953,,0.6225610995029235,0.20978173929193097
2024-02-23,,,0.130120737881953,0.31496089056308985
2024-02-26,2.1321961620469083,,-0.10334046749758698,0.689757768392331
2024-02-27,-0.8977705573946703,,2.386634844868735,0.9994447529150472
2024-02-28,0.019968378732482164,,-0.29455081001472755,0.0
2024-02-29,,,-0.43227665706051877,
2024-03-04,-1.2048192771084338,,0.07246376811594203,-0.18248175182481752
2024-03-05,-1.6450031962497336,,0.36803364879074657,-0.4040404040404041
2024-03-06,-0.07910632037320436,,0.2944965368136727,0.7228750274544257
2024-03-07,0.4859086491739553,,1.148300808009926,0.7139682069301273
2024-03-08,-1.169064748201439,,-0.0224501503273882,-0.2881970492623156
2024-03-11,1.7539076146732837,0.6134969325153374,1.1188548747803917,0.41258230913403326
2024-03-12,,0.0,0.2380952380952381,0.601236411482754
2024-03-13,-0.16366612111292964,,-0.5145797598627788,-0.06555098420163277
2024-03-14,0.4704083652889793,,-0.3177957052298508,1.2458464411405588
2024-03-15,1.4539579967689822,,0.26291174614731866,-0.1670652487321698
2024-03-18,0.26714158504007124,,0.22876868768824926,-0.21016631832470256
2024-03-19,0.48543689320388345,,1.100947361816927,0.4746835443037975
2024-03-20,0.0,,0.4214156488045093,-5.128205128205128
2024-03-21,,0.0,-0.48289270161451514,0.0
2024-03-22,,,0.13741656851197487,-0.05664377838131963
2024-03-25,-0.302400965230766,0.43893480257116624,0.6916818457802064,0.7848463704976898
2024-03-26,-1.572785405303743,-1.9555555555555555,-0.49019607843137253,-0.5712918507349833
2024-03-27,0.1457725947521866,,0.3157022354561263,-0.1250299733765871
2024-03-28,0.4889975550122249,,0.5780346820809248,0.18064701892896992
2024-03-29,1.497840359192808,,3.675215884619486,0.22452947866603076
2024-04-01,0.3502626970227671,-0.10471204188481677,-0.10860412238997127,-0.564909493150149
2024-04-02,,,-0.9164850395300872,1.3307984790874523
2024-04-03,0.8317338451695457,,0.34008049242424243,-0.09115770282588878
2024-04-04,-0.8724493055837917,,-0.9881422924901186,-1.079913606911447
2024-04-05,,,1.532567049808429,0.7931034482758621
2024-04-08,,,0.0,
2024-04-09,0.34403669724770647,,,
2024-04-11,,,,0.7702783341309369
2024-04-15,,,-1.0351966873706004,0.19193857965451055
2024-04-16,,,0.19387366818873666,0.08718395815170009
2024-04-17,,,,0.48284787690812553
2024-04-18,,,-0.2631578947368421,-0.3968253968253968
2024-04-19,0.07757951900698215,,,
2024-04-22,,0.07633587786259542,0.24875621890547264,0.0
2024-04-23,0.0,,0.5916621050184623,0.6027055451923686
2024-04-24,,,-0.4694835680751174,-0.7659867949322214
2024-04-25,,,1.0948990915977517,0.5096127884878973
2024-04-26,-0.22860482992761516,,0.6038144361890465,0.22844973182206313
2024-04-29,1.6533874160992805,,0.1529051987767584,0.06529730620324616
2024-04-30,-0.5826158473811044,,-0.40834022723293706,-0.43427952570199685
2024-05-02,1.7391304347826086,,0.4341643572817875,0.6348078668229258
2024-05-03,,0.5428881650380022,1.1672623976695393,1.2350709921562557
2024-05-07,-0.672040758182641,,0.9346691597157082,0.4252262858919167
2024-05-08,-0.3042596348884381,,-0.6383382699172172,0.41192819370403816
2024-05-09,,,0.34558301097339544,0.2957363157640098
2024-05-10,,,,0.45984104312280494
2024-05-13,,,0.2560819462227913,-0.053882827202906325
2024-05-14,,,4.931972789115646,
2024-05-16,0.8163265306122449,,-0.6839945280437756,-0.84985835694051
2024-05-17,0.861891530307708,,0.13440860215053765,0.5611841557793127
2024-05-20,0.0,,,
2024-05-21,0.9244992295839755,0.0,0.4716981132075472,0.3426254410506379
2024-05-22,-0.847457627118644,,,1.7500000000000002
2024-05-23,,,-0.5217391304347827,-0.979853022046693
2024-05-27,-0.6336532598552919,,-0.6516465877089239,0.2329971064062359
2024-05-28,,,-0.7619047619047619,-1.03397341211226
2024-05-29,,,-0.9120161926458187,
2024-05-30,,,-6.910569105691057,1.502872710312076
2024-05-31,,0.11166945840312675,0.854972910924793,-0.20533880903490762
2024-06-03,-0.6826864830175552,,-0.6252744781408939,-0.5714285714285714
2024-06-04,0.26691375841386883,,0.9146341463414633,
2024-06-05,1.4335200941308401,,0.1046523138703405,0.3313086692435119
2024-06-07,-0.7969397145790568,,-0.3824630185735881,-0.5728878888518698
2024-06-10,0.2627197439833935,,0.2623130510657529,
2024-06-11,-0.0803336598034577,,0.5148872044524353,-0.27586206896551724
2024-06-12,,0.40350079563537167,2.067447648698803,0.06732618259362359
2024-06-13,2.0257826887661143,0.22164242270874962,1.5342673678585037,-0.010428555935600294
2024-06-14,0.3310408259840652,,0.29411764705882354,0.1238776950131149
2024-06-17,,,0.940918145169972,0.2956283089396648
2024-06-18,-2.7616627132045632,,0.1943061504506371,0.689494121197149
2024-06-19,-0.8868022952529996,,-0.0325851608892319,-0.7407407407407408
2024-06-20,-0.2913767014361936,,-0.05057027582888741,-0.23968670184682989
2024-06-21,,0.0,0.10111223458038424,0.03188229065660272
2024-06-24,0.9592822636300897,0.0,0.5131245307383859,1.2761517371440616
2024-06-25,,,-1.5515515515515517,-0.5522827687776142
2024-06-26,-0.6587615283267457,,0.19089976171867565,-1.3054244685648075
2024-06-27,,,0.9642009448409504,0.7033718155542111
2024-06-28,0.8281573498964804,-0.6329113924050633,1.3157894736842104,-0.4935955113715335
2024-07-01,,,-0.29405164821881763,
2024-07-02,0.35241571699905033,,-0.5958755657550839,2.2636214732439712
2024-07-03,2.083333333333333,,0.7190803327418528,0.12406947890818859
2024-07-04,1.4926726066624403,,-0.22281572805430902,0.297029702970297
2024-07-05,,,0.5285458386473777,-0.10225431117542516
2024-07-08,-0.6341154090044389,,2.0119832150708,0.07099416158900967
2024-07-09,0.9003947767992712,,-0.7311058537808134,-0.2861906387799355
2024-07-10,0.8371655321685122,,0.7624320129973372,0.7705554024316355
2024-07-11,-1.4055811763237858,,0.8295036402596268,-1.3096351730589337
2024-07-12,-1.9867549668874174,,1.0677574887798154,-0.023410431803238346
2024-07-15,0.7920271218143559,,0.564979558115238,0.28686173264486514
2024-07-16,-0.6230529595015576,,0.5771693734042289,0.34403669724770647
2024-07-17,-2.366773553214231,,-0.2584728955086207,0.1261985379768825
2024-07-18,-1.0554089709762533,,-0.22895039318662044,-0.7057634875117007
2024-07-19,,,0.6644518272425249,1.4827886770475878
2024-07-22,,,-0.31194295900178254,0.34272996505149844
2024-07-23,-0.8561643835616438,-0.7843137254901961,-0.8564515542817386,-1.1688311688311688
2024-07-24,-2.593638364193579,,-0.911854103343465,-1.589946364865979
2024-07-25,,,0.6290944319113333,
2024-07-26,0.8978675645342313,1.36986301369863,,0.35688011094669864
2024-07-29,-2.086230876216968,,,-0.4518072289156626
2024-07-30,,,0.31343893601979494,
2024-07-31,-0.9218619807560648,,-0.8179320219882743,-0.7474892509483294
2024-08-01,-1.2148454109214604,,-1.5830377377081486,-1.8696351011381316
2024-08-02,,,-1.1215918208083615,0.43931905546403077
2024-08-07,0.8987417615338525,,,
2024-08-09,2.058504875406284,-0.12195121951219512,-0.9814612868047983,-0.9776536312849162
2024-08-12,1.0441787060185697,,0.4600453345487991,-0.3806996194925618
2024-08-13,,,1.215756673354277,-0.3272753981882449
2024-08-14,1.5170863675543602,,0.7634756904459357,1.8703312308399522
2024-08-16,1.8921558883654401,,4.35485514846565,-0.14985669771316792
2024-08-19,,,2.8972760160622384,0.8859775280299061
2024-08-20,,,2.0446931170725917,-0.08973700499816943
2024-08-21,0.7142857142857143,,1.193095246652729,0.6906447180344186
2024-08-22,,,,-1.2139573754723578
2024-08-23,,,1.0591216738263747,0.5553012436168289
2024-08-26,,,-0.5604440940794558,0.026795475702198167
2024-08-27,-0.3409090909090909,,0.05955926146515784,-0.0950785432233928
2024-08-28,,0.27816411682892905,,-0.42307481310464984
2024-08-29,,,0.0721500721500722,0.40091638029782356
2024-08-30,,,,0.2725946853602911
2024-09-02,0.8223684210526315,,0.3905010867649651,1.5726560253091746
2024-09-03,-1.841115966643131,,-5.405405405405405,-2.574102964118565
2024-09-04,,,,0.4016064257028112
2024-09-06,-0.992063492063492,,,
2024-09-09,,,0.01075547973148385,1.1976047904191618
2024-09-10,,,0.8982035928143712,-0.7036747458952306
2024-09-11,,,0.2728512960436562,0.1402524544179523
2024-09-12,,,,0.36319612590799033
2024-09-13,1.5807668133249528,,-0.4964371883544389,1.5539717536496627
2024-09-19,,,0.2936326736692561,0.6773038035502065
2024-09-20,0.667302192564347,,0.8326817454814617,-0.07076942054998611
2024-09-23,,,0.4558911706438494,0.16199122450341144
2024-09-24,1.7172159792069368,,0.891947077285196,0.8315798920441271
2024-09-25,-0.1498446680624029,,0.8387497936687007,0.724948535497797
2024-09-26,0.0,,0.08345411077757543,1.41785608852694
2024-09-27,1.1141067580511441,,0.7092851769272517,0.6358111813632961
2024-09-30,,,-0.6580357142857143,-1.2020432785050474
2024-10-02,,,0.24650368082040708,
2024-10-04,,,0.3447189808034519,0.0
2024-10-07,0.0,,-0.9163802978235969,
2024-10-08,,,0.6607213578210368,1.4158234402416319
2024-10-10,,,,0.613599348534202
2024-10-11,,,0.9405060714929728,0.15691163992580118
2024-10-14,,,0.47244094488188976,
2024-10-15,,,-2.1836667326863406,-0.9370424742398757
2024-10-16,,0.0,0.15657620041753653,0.43101704613789044
2024-10-17,-0.6230529595015576,0.09115770282588878,,0.0
2024-10-18,-0.9985734664764622,,0.28776903317955893,0.23786446434912306
2024-10-21,-1.2505950764726717,,,-0.6175045165261642
2024-10-22,,,,1.6682113067655238
2024-10-23,,,,0.02717391304347826
2024-10-24,2.028639618138425,,0.6980802792321117,0.0
2024-10-25,1.9002375296912115,,-5.472636815920398,0.2724563644103873
2024-10-28,,,-0.6525285481239804,-0.5893909626719057
2024-10-29,-2.4154589371980677,,,-0.3667786349230682
2024-10-30,0.05649717514124294,,-0.31194295900178254,-0.5230350401662907
2024-10-31,-1.1475409836065573,,-0.9540115808632628,
2024-11-01,,,,-0.017934243424675818
2024-11-04,,,-0.8058935826761447,-0.2287375205358271
2024-11-05,0.3527336860670194,,3.0209086952581123,0.5449544940537512
2024-11-06,,,-0.8482686417402638,-0.42016806722689076
2024-11-07,-0.14057422085057633,,0.5424732273241992,1.0269370059214828
2024-11-08,2.4757296722755684,,-0.40718425853850876,
2024-11-11,,,0.5696714014524565,-0.45283469394513265
2024-11-12,-2.9264214046822743,,0.00356942713970337,1.2235817575083427
2024-11-13,,,1.2691916911266652,0.3952569169960474
2024-11-14,,,0.0,-5.042016806722689
2024-11-15,,,0.0,
2024-11-18,-0.19960079840319359,,-0.2890935401323273,-0.205761316872428
2024-11-19,-0.21511318514879854,,-0.9601193522685604,0.0
2024-11-20,0.1336898395721925,0.5863539445628998,0.10574186591550112,0.0
2024-11-21,0.48543689320388345,0.5889281507656066,2.1093208712675016,0.6732157248201248
2024-11-22,0.6097560975609756,0.5020080321285141,0.9919230206542603,0.5658012537321536
2024-11-25,,,-0.8992029034395894,-0.6510818272986828
2024-11-26,1.2006861063464835,,,0.592295880338719
2024-11-27,,1.384083044982699,0.24975953143708593,0.4964403885667982
2024-11-28,,,0.4392656204664866,-0.05448581930599207
2024-11-29,,,1.0959561608662822,0.8561643835616438
2024-12-02,0.723589001447178,2.7639971651311126,1.138159308853472,0.7559707748575387
2024-12-03,-1.608910891089109,,-1.4799157993864989,-1.8356842936070872
2024-12-04,-0.419405166461933,,-0.026806222659297534,0.12671016505338878
2024-12-05,,,0.0,
2024-12-06,,,-2.0523708421797595,-1.6902995808864947
2024-12-09,,,0.9041020425459785,
2024-12-10,,,-1.0839110600237079,0.7493107310558739
2024-12-11,-0.5217391304347827,,,1.7186613949683502
2024-12-12,-0.17064846416382254,,1.0381364092143621,-0.25378347099206144
2024-12-13,,,1.5605132388610685,1.0948744352963669
2024-12-16,0.49696445529778865,-0.001734274466277033,0.27629645049028745,0.16445120137287828
2024-12-17,-1.250625312656328,,0.443697554372412,0.3205752378548117
2024-12-18,,,-2.588781127850495,-2.692519942759713
2024-12-19,,,-0.7591837240230435,0.902664552927172
2024-12-20,,,,-0.423728813559322
2024-12-23,,,0.5507474429583006,1.747311827956989
2024-12-24,,,1.1111111111111112,0.1679838311716777
2024-12-26,,,-0.29172854309923174,0.36363636363636365
2024-12-27,,,-0.6028160431764271,-0.6202811113297046
2024-12-30,0.0,,1.4807966874981886,0.05612690116018567
2025-01-02,,,0.3676470588235294,1.1764705882352942
2025-01-03,0.22854064059334817,,0.7582925601136492,0.981019543839521
2025-01-06,1.1235279980773851,5.5853920515574655,-0.5211147485406138,3.6944580576656048
2025-01-07,0.8393285371702638,,-0.4638825832997052,-0.9345142832534229
2025-01-08,-0.7936507936507936,0.49627791563275436,-0.4260050848329535,-0.23811416172064537
2025-01-09,,,-0.4967673151417255,-0.7204320780515692
2025-01-10,-0.22123893805309736,,-0.31301425389073684,-0.2406750215393537
2025-01-13,,,0.5536642978606525,0.19267822736030826
2025-01-14,0.4730344778210753,0.7162041181736795,0.20182893957444542,0.31318087549383844
2025-01-15,0.23206090947017108,,-0.27752081406105455,1.29366106080207
2025-01-16,,,-0.7782101167315175,-0.7853165830321319
2025-01-17,,,,0.0
2025-01-20,1.4000000000000001,-0.36900369003690037,-1.02146413504974,0.34399836261588107
2025-01-21,-0.5030112236517931,,0.31185031185031187,1.08423565025032
2025-01-22,,,0.10741138560687433,0.22988505747126436
2025-01-23,0.303951367781155,,0.40578279048956223,-0.3887269193391642
2025-01-24,0.0,,3.081232492997199,-0.0016360774653939333
2025-01-31,,,-1.5792061065183438,
2025-02-03,0.7360897425059597,,0.17543859649122806,0.8620689655172413
2025-02-04,0.425531914893617,,0.67478932009709,
2025-02-05,0.6564551422319475,,0.5715480729794811,
2025-02-06,-0.9168717443415488,-0.36968576709796674,-0.5582047508922228,-0.4166666666666667
2025-02-07,0.18655263725196833,,-0.03955696202531646,-0.5113221329437546
2025-02-10,0.6796116504854369,,0.3425862075678756,0.8218662096978373
2025-02-11,0.8458279776628641,,-0.040453594284695964,0.2697846700332351
2025-02-12,1.251608701179511,,0.3393461150519821,0.6728365055053933
2025-02-13,0.7407407407407408,,-0.5145716343602768,
2025-02-14,0.0,,0.9894456390935605,0.40858318636096413
2025-02-17,0.4761140180207408,,0.5075730305292047,-0.2507081794729121
2025-02-18,-0.09147110592687455,,-0.19856192319214203,1.3057213057213057
2025-02-19,-0.3394433129667346,,0.04619952421397375,
2025-02-20,,,0.3189523603288849,0.25826362872318853
2025-02-21,-1.1484098939929328,,-1.1064346048784282,-0.9145631247962535
2025-02-24,-0.07457981535548024,,1.872445139839108,-0.6821438347633456
2025-02-25,,,-0.3516998827667058,0.0
2025-02-26,-0.8988899613899614,,,0.7299270072992701
2025-02-27,,,-1.4851485148514851,-1.942017608388809
2025-02-28,,,,-0.34762456546929316
2025-03-04,0.0,,,
2025-03-05,-1.1952191235059761,,,-0.7462686567164178
2025-03-06,-0.34234104424825124,,,-0.5747126436781609
2025-03-07,-0.7633587786259541,,0.26041666666666663,
2025-03-10,-1.7088980553918678,,-2.109045751418778,-2.8194865455505163
2025-03-11,,,0.5099346740491528,0.4084033614547851
2025-03-12,-0.5633802816901409,,0.1652892561983471,-0.04696836787307055
2025-03-13,,,,0.0
2025-03-14,,,1.4702180879348898,2.9605263157894735
2025-03-17,-0.27522935779816515,,0.7755086404347382,-0.06443746934085764
2025-03-18,-0.4309830932475481,,-0.21892845553196363,0.15004314619532183
2025-03-19,,,0.33637939366902736,0.30385303158386584
2025-03-20,-0.37174721189591076,,-0.5176445640292209,-0.6993861578085663
2025-03-21,,,0.19404915912031048,-0.7264721456612532
2025-03-24,,28.603603603603606,,-0.572322317704795
2025-03-25,,,-1.5666990797155855,0.6613772989027737
2025-03-26,,,,-0.938060941169899
2025-03-27,,,-0.49013920806677175,0.6042371589525176
2025-03-28,,,,-1.521348720447342
2025-04-01,0.0,,,0.5257769212238015
2025-04-02,-2.33362143474503,,,
2025-04-03,7.991360691144708,,-0.9173395880312717,
2025-04-04,-2.5221060371705994,,,-3.292716411513374
2025-04-07,,,2.4752475247524752,
2025-04-08,-2.2549019607843137,,,
2025-04-09,,,1.639663836423497,5.2097861502488865
2025-04-10,3.3950617283950617,,-0.9538950715421303,
2025-04-11,0.9562841530054645,4.2756860242501595,,
2025-04-14,-0.7967657370824669,,-0.8849557522123894,0.12806753570893611
2025-04-15,-1.3259761169998656,,0.03364633592966381,-0.0080373584510058
2025-04-16,-3.3126293995859215,,0.03603066978224256,0.66287612766186
2025-04-17,,,1.654898711188532,0.5244438635904835
2025-04-18,,,1.6694383996373114,0.028916951006726328
2025-04-21,,,-0.591715976331361,-0.3388144498159367
2025-04-22,,,4.117984323052892,1.6334394065961813
2025-04-23,,,,0.3546654264493326
2025-04-24,,,,1.0745409229551548
2025-04-25,,,0.9378663540445485,0.13128474340879326
2025-04-28,,,0.8374697383743323,0.29524259834307737
2025-04-29,1.7889087656529516,,-0.349939599994814,-0.3072695969812645
2025-04-30,2.5390625,,,0.11356932743059352
2025-05-02,,,,2.631578947368421
2025-05-07,,,,-0.45062828504830804
2025-05-08,,,-4.624277456647398,
2025-05-12,2.917981072555205,2.94314381270903,,
2025-05-13,-0.6419047619047619,,1.054481546572935,
2025-05-14,2.609055043062183,,0.3669567109327086,
2025-05-15,,,0.4472530547523552,0.41753653444676403
2025-05-16,,,0.542663465260758,
2025-05-19,,,,0.8482563619227144
2025-05-20,-0.7633587786259541,,0.25960539979231567,
2025-05-21,,,,-0.7805720403735784
2025-05-22,1.094391244870041,,0.09041591320072333,
2025-05-23,,,0.7894736842105263,0.444530844997408
2025-05-26,-1.7448200654307526,-0.9345794392523363,,-0.37167802925604915
2025-05-27,0.6098304046868038,0.0,0.5646609788953749,0.15274695005342137
2025-05-28,,,0.0,
2025-05-29,1.1976047904191618,,-0.38824538824538823,-0.9606678185889813
2025-05-30,,,-0.10948337705313904,0.37268037905034884
2025-06-02,,,0.3854721942495329,6.857142857142858
2025-06-04,8.98876404494382,,0.014693311864558068,-0.42155180459056163
2025-06-05,5.737704918032787,,0.75538152921918,
2025-06-09,0.8493890025221824,,2.1336140786016755,0.29469548133595286
2025-06-10,,,0.42371380572076,
2025-06-11,-0.4176766566602416,-0.3115264797507788,0.20507773716550737,-0.3687702640582222
2025-06-12,0.5932203389830508,,1.5840220385674932,-1.2346755619826884
2025-06-13,,,3.726180228745503,-2.5846702317290555
2025-06-18,0.2170374389582203,,,
2025-06-20,,,-2.364686201500189,-1.4442623737598816
2025-06-23,3.6469205824044533,,2.8852920478536244,
2025-06-24,2.363214860264571,,,0.3523396441461407
2025-06-25,-0.5720823798627002,,2.512093590977443,0.2392088320771764
2025-06-26,-1.718213058419244,,0.16907186133136332,0.0
