entry_date,avg_next_open_pct
2018-01-30,-1.238558623386108
2018-01-31,-0.043154662859028275
2018-02-01,-0.7415254237288136
2018-02-06,-5.244755244755245
2018-02-12,1.002865329512894
2018-02-13,0.7159371761141673
2018-02-14,0.11464456703110024
2018-02-19,-0.6205578506550601
2018-02-20,1.4384199155559338
2018-02-21,-0.6171393056879981
2018-02-22,0.6297407079827402
2018-02-23,1.0398796040334615
2018-02-26,0.505454507069434
2018-02-27,-0.783457774120172
2018-02-28,-1.4330254851302413
2018-03-02,0.025421373532963493
2018-03-05,1.0399778285872654
2018-03-06,0.7257005555967349
2018-03-07,0.6538091837126314
2018-03-08,0.5392300311815502
2018-03-09,1.2153449032037351
2018-03-12,-0.455000456242984
2018-03-13,-0.6698306777672319
2018-03-14,-0.21074216322736244
2018-03-15,0.29976149727796686
2018-03-16,0.2742611705001676
2018-03-19,0.0199498404012768
2018-03-20,-0.22760940106266275
2018-03-21,0.3827461805476355
2018-03-22,-2.081882727807133
2018-03-26,-0.009759433492655433
2018-03-27,-0.8735763265233838
2018-03-28,0.18718376840382375
2018-03-29,0.8605958564368809
2018-03-30,1.3053691285651838
2018-04-02,-0.16226852418193954
2018-04-03,0.14052096762160887
2018-04-04,0.03608782924471748
2018-04-05,-0.15811252799268907
2018-04-06,0.24243889989932946
2018-04-09,-0.24820613043536283
2018-04-10,0.43763053600033575
2018-04-11,0.245470276587216
2018-04-12,0.33154556251453265
2018-04-13,1.4815588119532221
2018-04-16,0.27899232151665737
2018-04-17,0.8994397281595683
2018-04-18,0.40096112274305
2018-04-19,0.6094807120667711
2018-04-20,1.0834892559378033
2018-04-23,0.6879496469605587
2018-04-24,-0.38355338787793464
2018-04-25,0.32662612052090095
2018-04-26,0.11693432954269112
2018-04-27,4.170049429133925
2018-04-30,0.11410181008779559
2018-05-02,-0.04725683098125716
2018-05-03,-0.3904494580815559
2018-05-04,0.7826396300249021
2018-05-08,-0.7500381116926673
2018-05-09,0.0051686798674750335
2018-05-10,0.5732782039044948
2018-05-11,0.13522770216617425
2018-05-14,0.529722938187568
2018-05-15,-0.7983690069415788
2018-05-16,0.08588634889621262
2018-05-17,-0.2012459862883974
2018-05-18,0.0
2018-05-21,-0.4006477515673744
2018-05-23,0.6178516650372343
2018-05-24,0.888707608909602
2018-05-25,-0.4750279089111554
2018-05-28,-0.05988754598400925
2018-05-29,0.3930044057055796
2018-05-30,0.1771222549983612
2018-05-31,-0.0012077148826704991
2018-06-01,0.622545488750946
2018-06-04,-0.17399253307521498
2018-06-05,0.40407718491749056
2018-06-07,1.6382732167510108
2018-06-08,-0.08407370400183566
2018-06-11,0.32068559215960196
2018-06-12,-0.4453607921683869
2018-06-14,-0.2512456946050153
2018-06-15,-0.09754374548913268
2018-06-18,-2.03527815468114
2018-06-19,1.4227642276422763
2018-06-20,0.0
2018-06-21,0.0179359390944266
2018-06-25,-1.1250809968232887
2018-06-26,-0.2138545571097737
2018-06-27,0.40498831290833476
2018-06-28,0.5633223698413423
2018-06-29,-0.18793233172617665
2018-07-02,-0.7178957041121067
2018-07-03,0.4731992591421958
2018-07-04,-0.38073754464399107
2018-07-06,-0.9167553251840637
2018-07-09,0.010111639703821307
2018-07-10,-1.1020276918263612
2018-07-11,0.2553852930184249
2018-07-12,0.6789393113332232
2018-07-13,-0.3174147238843698
2018-07-16,0.03030707076627283
2018-07-17,-0.49962806843540786
2018-07-18,-0.408997955010225
2018-07-19,-0.15339690952706614
2018-07-20,-0.03763258839132975
2018-07-23,0.6712994793002552
2018-07-24,-0.17149447535938073
2018-07-25,0.45823861585571857
2018-07-26,0.7053387037088427
2018-07-27,-0.321761303248298
2018-07-30,0.06531990310376917
2018-07-31,0.439016066258429
2018-08-01,-0.6468317037889401
2018-08-02,0.3304293136596066
2018-08-03,-0.10978338892876746
2018-08-06,-0.29275379876546237
2018-08-07,-0.5059092552680089
2018-08-08,0.29120613179884264
2018-08-09,0.3989747838240348
2018-08-10,-0.05678948174599264
2018-08-13,0.1594994172136679
2018-08-14,-1.074168036806783
2018-08-16,0.5184803966537429
2018-08-17,1.0116423277587405
2018-08-20,0.18726591760299627
2018-08-21,0.3547858940009255
2018-08-22,0.5622859175258459
2018-08-23,2.3834567663674444
2018-08-24,0.19155155802803608
2018-08-27,0.7965569031343939
2018-08-28,0.5191096837900536
2018-08-29,0.6351301391132991
2018-08-30,-0.46569181620605327
2018-08-31,-0.047472128525476893
2018-09-03,0.00164013937080943
2018-09-04,0.26500065198500006
2018-09-05,0.8048608051368655
2018-09-06,0.346493934087445
2018-09-10,0.22294519299770882
2018-09-11,0.8818213121725381
2018-09-12,0.4168510071759354
2018-09-13,0.0434538828146902
2018-09-14,0.0036764860759824357
2018-09-17,-0.425320991113758
2018-09-18,0.1855960439552173
2018-09-19,0.0
2018-09-20,0.5629109965567896
2018-09-21,-0.37481649092280944
2018-09-27,0.28845928383276903
2018-09-28,0.2149196171552318
2018-10-01,0.06202374623427256
2018-10-02,0.7641569704219227
2018-10-17,0.5610625132619704
2018-10-18,-1.087079291380965
2018-10-19,-0.6466505368606726
2018-10-22,-0.4892867092743454
2018-10-23,1.014760147601476
2018-10-24,-2.5880105960441675
2018-10-25,-0.2972651605231867
2018-10-26,0.10070493454179255
2018-10-29,0.0
2018-10-30,0.5902363011858459
2018-10-31,0.6546644844517185
2018-11-01,0.7178800704359156
2018-11-02,-0.14934375777015022
2018-11-05,0.32212110586666065
2018-11-06,0.4559993243699392
2018-11-07,1.9855163021416316
2018-11-08,-0.08340916506702992
2018-11-09,-0.4690926728804159
2018-11-12,-1.2149100143133318
2018-11-13,-0.04398030084942525
2018-11-14,-0.01451580345686045
2018-11-15,0.08250184415886944
2018-11-16,0.5798191649696566
2018-11-19,-0.6934832759164709
2018-11-20,-0.3790831673961371
2018-11-21,0.29603456767777425
2018-11-22,0.14252554586418412
2018-11-23,0.6969819185753735
2018-11-26,0.8875969738717455
2018-11-27,0.9323730609507235
2018-11-28,0.641512480130992
2018-11-29,0.10127072519774172
2018-11-30,1.3750925775159568
2018-12-03,0.07039820039315839
2018-12-04,-1.505954676756852
2018-12-05,-0.062026511242649136
2018-12-06,0.9615101307221638
2018-12-07,-1.402805611222445
2018-12-10,-0.2785515320334262
2018-12-12,0.2691565974456882
2018-12-13,0.5010773457157602
2018-12-14,0.7987530444508669
2018-12-17,-0.3878380633593004
2018-12-18,0.9328815055439389
2018-12-19,-0.16104459574563987
2018-12-20,-0.1395268999595624
2018-12-21,-0.011280944836232735
2018-12-24,-1.7502835794803546
2018-12-26,1.7319871142372536
2018-12-27,-0.09633876098484592
2018-12-28,0.8012046158202983
2019-01-03,0.2514835652014496
2019-01-04,5.730993473906258
2019-01-07,0.8092081165972667
2019-01-08,1.169457590098289
2019-01-09,-0.19670237463618367
2019-01-10,-0.5191361045987262
2019-01-11,-0.24022934901427345
2019-01-14,0.0029600318199180043
2019-01-15,0.30719622186576384
2019-01-16,0.13233921464217385
2019-01-17,0.5422988491676421
2019-01-18,0.48274807122128477
2019-01-21,-0.05254274778487357
2019-01-22,-0.32087360097305806
2019-01-23,-0.6192729586337088
2019-01-24,-0.141643059490085
2019-01-25,0.04668666664558949
2019-01-28,-0.38799395983702023
2019-01-29,0.07485293389700759
2019-01-30,0.8824857607957483
2019-01-31,-0.05317803955791825
2019-02-01,0.6700353688338371
2019-02-07,0.3112356053532524
2019-02-08,0.6977557164102417
2019-02-11,0.17068197299027127
2019-02-12,0.5563282336578581
2019-02-13,-0.2892341420465063
2019-02-14,-0.03888796445233297
2019-02-15,0.6985690055340623
2019-02-18,0.0
2019-02-19,0.4835252224234669
2019-02-20,0.2406592465206517
2019-02-21,0.195857396898193
2019-02-22,1.2092653043990063
2019-02-25,0.04913354317637104
2019-02-26,0.4218520420223036
2019-02-27,-0.1850391653468357
2019-02-28,0.6902166867308948
2019-03-04,-0.1678326031007085
2019-03-05,0.40053071984855554
2019-03-06,-0.3483403863577692
2019-03-07,-0.5492746087706394
2019-03-11,1.4831608034562083
2019-03-12,0.398406374501992
2019-03-13,0.6230467184870583
2019-03-14,-0.4639642075099349
2019-03-15,0.07695550093053338
2019-03-18,0.33064044893784583
2019-03-19,-0.6241031509682023
2019-03-20,-0.5828162760606711
2019-03-21,-0.37620451607203065
2019-03-22,-2.695836022591315
2019-03-25,0.0
2019-03-26,0.7802728385011989
2019-03-27,-0.8997429305912596
2019-03-28,0.286828494460895
2019-03-29,0.3911593042991337
2019-04-01,0.4527239687175735
2019-04-02,-0.8062397219914439
2019-04-03,-0.03630076618688415
2019-04-04,0.1336606447384677
2019-04-05,0.3491421660101825
2019-04-08,0.8472109473623884
2019-04-09,-0.26787267973433826
2019-04-10,-0.10908175110681226
2019-04-11,-1.5083373231735693
2019-04-12,1.5069268733843422
2019-04-15,0.02034994042191766
2019-04-16,-0.056623003524077724
2019-04-17,-0.4328713463176692
2019-04-18,1.766279134287994
2019-04-23,0.7203736226765131
2019-04-24,1.0204081632653061
2019-04-26,-0.8928571428571428
2019-04-29,-0.15611723111020215
2019-04-30,0.3919632913647219
2019-05-02,0.5637615083616272
2019-05-03,-1.0376831397250816
2019-05-07,-1.2712794600803143
2019-05-08,-0.49019607843137253
2019-05-09,1.4214939108942743
2019-05-14,1.9808152679877644
2019-05-15,-0.7671232876712328
2019-05-16,-0.5167801556420233
2019-05-17,0.7010323292825494
2019-05-20,-0.7042253521126761
2019-05-21,-0.8260273155603268
2019-05-22,-0.2699055330634278
2019-05-23,-0.7374910234282968
2019-05-24,-0.37679021172553706
2019-05-27,-0.22386079969913567
2019-05-28,0.1727159570664876
2019-05-29,0.2909294599577953
2019-05-30,-0.8701930000390744
2019-05-31,-0.49426862494180457
2019-06-03,0.1345986345279065
2019-06-04,0.8018421088289487
2019-06-05,0.054007341614887856
2019-06-07,0.6175166989994515
2019-06-10,0.2890502381477907
2019-06-11,0.37234134793972806
2019-06-12,0.05168031959463102
2019-06-13,-0.3575053392716629
2019-06-14,0.3753406079559268
2019-06-17,0.3296761872977909
2019-06-18,1.8796190994598834
2019-06-19,-0.0018335166850018336
2019-06-20,-0.27638991998003254
2019-06-21,0.11907302565781987
2019-06-24,0.39387892817756165
2019-06-25,0.10673470999395401
2019-06-26,0.0
2019-06-27,-0.18820607719241977
2019-06-28,0.8838605271629151
2019-07-01,0.0
2019-07-02,0.4056103939434432
2019-07-04,-0.0024499889171610543
2019-07-05,-0.4112542786377869
2019-07-08,-0.5097491720918749
2019-07-09,-0.2617506332676611
2019-07-10,-0.6417894875568344
2019-07-11,-0.22837851256081818
2019-07-15,0.2521116140309659
2019-07-16,-0.08449105202053758
2019-07-17,-0.5097481285366595
2019-07-18,0.18550395467198785
2019-07-19,0.10687617318110253
2019-07-22,0.18473248565244607
2019-07-23,-0.10088230858170384
2019-07-24,-0.042821635586675386
2019-07-25,-0.18443876132276057
2019-07-26,-0.9658125366400261
2019-07-29,0.3616636528028933
2019-07-31,-0.48768835718693393
2019-08-01,-1.6780845231681725
2019-08-02,0.0
2019-08-05,-0.8463064713064714
2019-08-06,-0.17921146953405018
2019-08-07,1.5228426395939088
2019-08-12,-0.48759485255720947
2019-08-13,1.037412240102312
2019-08-14,-0.9460894243101805
2019-08-16,0.8155461236989744
2019-08-19,-0.3331508448617594
2019-08-20,-0.290157359270618
2019-08-21,0.021266602794684977
2019-08-22,-1.1518802824294365
2019-08-23,-1.985715424198162
2019-08-26,0.38071480622365844
2019-08-27,0.7358030705360205
2019-08-28,0.17344757146939596
2019-08-29,0.37887125402057814
2019-08-30,-0.806456189984575
2019-09-02,-0.0023005113217049204
2019-09-03,-0.42209473554719257
2019-09-04,-0.10066222865888574
2019-09-05,0.874262879598238
2019-09-06,-0.4129350476146274
2019-09-09,0.36448670582088294
2019-09-10,0.5453837626806357
2019-09-11,0.8330944727315069
2019-09-16,0.6191950464396285
2019-09-17,0.4561184732127712
2019-09-18,0.08259500213594652
2019-09-19,-0.002708559046587216
2019-09-23,0.25204181653285224
2019-09-26,0.39968834008809284
2019-09-27,7.770520236392437
2019-09-30,0.1182033096926714
2019-10-02,-0.002842423165748801
2019-10-07,0.31352657510337834
2019-10-08,-0.21343041712274646
2019-10-11,0.8646998982706002
2019-10-14,-0.08278536061407875
2019-10-15,0.3227216320857541
2019-10-16,0.0359873520683891
2019-10-17,0.17446605977029686
2019-10-18,0.5027024547202557
2019-10-21,-0.22119640581629701
2019-10-22,-0.4512972969111571
2019-10-23,-0.487350980529313
2019-10-24,0.014664748200317984
2019-10-25,0.4058094411498337
2019-10-28,0.765878778844725
2019-10-29,0.35511261888569906
2019-10-30,0.7297628043375151
2019-10-31,-0.10221301974560995
2019-11-01,0.5164404475010562
2019-11-04,0.07776049766718507
2019-11-05,0.15829321378155614
2019-11-06,-0.2546809128430061
2019-11-07,0.18880437605131467
2019-11-08,-0.478670914340276
2019-11-11,0.10853782987705093
2019-11-13,-0.13741103632509843
2019-11-14,-0.2647012785549778
2019-11-15,0.0234192037470726
2019-11-18,-0.07696600026938101
2019-11-19,-0.7747565776563611
2019-11-20,0.5166072829808932
2019-11-26,0.6631491872342394
2019-11-27,-0.6777048164958694
2019-11-28,0.5076541217777321
2019-11-29,0.42491019337446095
2019-12-02,-1.289129718081086
2019-12-03,-1.2283069748564635
2019-12-04,0.3250975292587776
2019-12-05,3.9619651347068143
2019-12-06,-0.11577946858980236
2019-12-09,-0.20046654562729857
2019-12-10,-0.7584630509070808
2019-12-11,0.4730591844379237
2019-12-12,0.7485024733918786
2019-12-13,0.16996691222186155
2019-12-16,-0.079519320080352
2019-12-17,-0.13659438544637595
2019-12-18,0.34496510582022843
2019-12-19,0.5358457456705576
2019-12-20,0.08906006725876078
2019-12-23,0.5008142475877929
2019-12-24,0.6008106958633529
2019-12-26,-1.066695379048233
2019-12-27,0.09026447620575534
2019-12-30,0.49800786642972755
2020-01-02,-0.09424501969744435
2020-01-03,-1.4275338826941297
2020-01-06,0.44150110375275936
2020-01-07,0.1007001945894129
2020-01-08,-0.9389671361502347
2020-01-09,2.6098327815030187
2020-01-10,2.735298555589763
2020-01-13,0.3621157913543737
2020-01-14,0.0
2020-01-15,0.0407340640413305
2020-01-16,0.9639105176359407
2020-01-17,-0.08030451372459867
2020-01-20,0.3518641719899077
2020-01-21,0.566848360966008
2020-01-22,-0.22441797156363202
2020-01-23,-2.7991481057549774
2020-01-28,0.117096018735363
2020-01-29,0.4004190106072055
2020-01-30,1.0917030567685588
2020-02-04,0.9411764705882352
2020-02-05,0.11961722488038277
2020-02-06,-0.0032588150948315193
2020-02-07,2.204928664072633
2020-02-10,0.25574124531291026
2020-02-11,-0.3477132182943126
2020-02-12,-0.0010629157352546191
2020-02-13,0.29948984133454265
2020-02-14,-0.05036524330534253
2020-02-17,-0.2888758065310041
2020-02-18,0.4743919323010096
2020-02-19,0.14425924790673816
2020-02-20,-0.8274231678486997
2020-02-21,-3.0171600980577034
2020-02-27,9.117112601040166
2020-03-02,0.15772870662460567
2020-03-04,0.4351473209604697
2020-03-05,-0.49471786591997957
2020-03-06,-1.4312407259191597
2020-03-09,-1.8103334361097654
2020-03-10,-0.21450792759083115
2020-03-11,-0.826615600749264
2020-03-17,-0.9523809523809524
2020-03-18,2.127659574468085
2020-03-19,0.6615214994487321
2020-03-24,5.7373833739717774
2020-03-25,0.6764268437420188
2020-03-26,3.854986453360856
2020-03-27,-1.6781623786955542
2020-03-30,1.9146825048449887
2020-03-31,-0.14435609687235937
2020-04-01,1.1505947366659601
2020-04-02,0.24194890192134258
2020-04-03,0.6423074469874722
2020-04-06,2.1556711530287185
2020-04-07,-0.20620708118018566
2020-04-08,2.1068039594447696
2020-04-09,-0.1028706081788313
2020-04-10,-0.2432492130984593
2020-04-16,1.4342748351898158
2020-04-21,-1.3796978399300786
2020-04-23,-0.8120291600193009
2020-04-24,0.6557377049180327
2020-04-27,2.728743068391867
2020-04-28,0.3529093275650221
2020-04-29,-2.6549604236076867
2020-05-04,1.2048192771084338
2020-05-06,-0.2597402597402597
2020-05-07,0.9544869817143368
2020-05-08,1.1310749215768967
2020-05-11,0.2967922732566067
2020-05-12,-1.6804725956001543
2020-05-13,0.0
2020-05-14,0.9634448908149547
2020-05-15,1.5280135823429541
2020-05-18,-4.292109910871976
2020-05-19,-0.706815548633505
2020-05-20,1.4794773578738611
2020-05-21,0.24895012804444394
2020-05-22,1.4581738184389668
2020-05-25,0.2728363437012427
2020-05-26,1.792573623559539
2020-05-27,1.5925393929964058
2020-05-28,-0.2189360252700239
2020-05-29,-0.6677340095121518
2020-06-01,-0.11631820940311476
2020-06-02,1.241696729729372
2020-06-03,1.14977133028635
2020-06-04,0.44924927664509345
2020-06-05,1.7528454822055555
2020-06-08,0.2759046097565232
2020-06-09,1.9778214874691638
2020-06-10,0.1077678178666334
2020-06-11,-2.97951582867784
2020-06-12,-0.3623958887116782
2020-06-16,-2.481962991056466
2020-06-17,-0.059180887131199886
2020-06-18,1.876675603217158
2020-06-19,-2.10727969348659
2020-06-22,0.9694220868179574
2020-06-23,0.7175793898105254
2020-06-24,-2.0866318178075662
2020-06-26,-0.727609424900815
2020-06-30,0.30978486660284316
2020-07-01,-0.05458690556465338
2020-07-02,0.3199370514424658
2020-07-03,1.1722389696724256
2020-07-06,0.692217056081436
2020-07-07,0.16398774035833638
2020-07-08,0.4360386421978487
2020-07-09,-0.24187649892861013
2020-07-10,5.243222099185175
2020-07-13,-0.1644398766700925
2020-07-14,1.6792656106553796
2020-07-15,0.3070991914842623
2020-07-16,0.5428049171582224
2020-07-17,0.04847123734163788
2020-07-20,2.3503191300039012
2020-07-21,0.032692294735006525
2020-07-22,0.3834672658677262
2020-07-23,0.29929125266863615
2020-07-24,-0.9142022661024178
2020-07-27,0.5753421400819314
2020-07-28,-0.2595560301666194
2020-07-29,0.0
2020-07-30,-0.38593245436676166
2020-07-31,0.9688072219715403
2020-08-03,0.018082397820642304
2020-08-04,0.24299258114852051
2020-08-05,0.398297296094561
2020-08-06,0.27313922307681865
2020-08-07,1.062731321557633
2020-08-10,0.8918759713278224
2020-08-11,0.7099832960435697
2020-08-12,1.1582370527070636
2020-08-13,0.736810372465331
2020-08-14,-1.5120685754307714
2020-08-18,0.37234042553191493
2020-08-19,0.0
2020-08-20,-0.13890098783413254
2020-08-21,1.7408083441981748
2020-08-24,-0.08664876739077375
2020-08-25,0.12351008051700157
2020-08-26,0.29006777098617637
2020-08-27,-0.08394118059961703
2020-08-28,2.2012197240240274
2020-08-31,0.35971328191685353
2020-09-01,0.7201959099821318
2020-09-02,0.2074674116546544
2020-09-03,-3.0862608636011353
2020-09-04,1.324700157632314
2020-09-07,0.3033749110522357
2020-09-08,-1.7557556782302763
2020-09-09,0.9831110501004423
2020-09-10,-0.5126685642293873
2020-09-11,0.7717608358095246
2020-09-14,-0.15536340465923176
2020-09-15,-0.21956417555729907
2020-09-16,0.07701503545508474
2020-09-17,-0.08519588947778911
2020-09-18,-0.021993811776762236
2020-09-21,-0.7575757575757576
2020-09-22,2.3741177994086287
2020-09-24,-0.7117437722419928
2020-09-28,0.8042427180154412
2020-09-29,0.7347818960395025
2020-10-05,0.3640199390249513
2020-10-06,-0.3646365296290592
2020-10-07,0.9314661658281971
2020-10-08,0.5105392263749844
2020-10-12,0.8419392409212169
2020-10-13,0.16792382762062133
2020-10-14,-0.22919221267170442
2020-10-15,-0.5610932093330275
2020-10-16,0.5385996409335727
2020-10-19,-0.7052631013075871
2020-10-20,-0.5405146553850922
2020-10-21,0.05135849530691134
2020-10-22,0.3275656769143712
2020-10-23,0.04640049747508125
2020-10-26,-0.10186766279580366
2020-10-27,0.5749799408094226
2020-10-28,-1.7242530421503794
2020-10-29,-0.3338367379381607
2020-10-30,2.127659574468085
2020-11-02,0.6850123398736007
2020-11-03,1.031342917770155
2020-11-04,1.543511113918824
2020-11-05,0.7201646250941024
2020-11-06,0.8379423180590354
2020-11-09,1.67246392630066
2020-11-10,0.25487201586251684
2020-11-11,0.05281332688281237
2020-11-12,-0.7911811537593496
2020-11-13,0.9437711001073407
2020-11-16,0.01803907001580759
2020-11-17,0.10133106309658609
2020-11-18,-0.0148068891120629
2020-11-19,0.3814318582542241
2020-11-20,0.5102310648098021
2020-11-23,0.23527970031480816
2020-11-24,0.6411352769614663
2020-11-25,0.11161873084349914
2020-11-26,0.3641336891794912
2020-11-27,1.3326492077826122
2020-11-30,2.269503546099291
2020-12-01,-0.009556652716556233
2020-12-02,0.14207995432798562
2020-12-03,0.36460260627855
2020-12-04,0.6336384772802878
2020-12-07,0.607767890154172
2020-12-08,0.7092198581560284
2020-12-09,-0.7916059752533549
2020-12-10,0.4210723607332116
2020-12-11,0.40140429435028374
2020-12-14,0.3440272071066299
2020-12-15,0.7549481959825985
2020-12-16,0.13952737243484592
2020-12-17,0.3080806621662183
2020-12-18,0.6045248510967942
2020-12-21,0.2744327900689003
2020-12-22,1.153846153846154
2020-12-23,-0.46511627906976744
2020-12-24,0.6442103862007491
2020-12-28,0.9849167895155266
2020-12-29,0.0
2020-12-30,1.3183079786876868
2021-01-04,-0.7916830046047646
2021-01-05,2.497258731274198
2021-01-06,1.0134490201674236
2021-01-07,0.8330948984973501
2021-01-08,1.0145466227326108
2021-01-11,0.9219936564125931
2021-01-12,1.563744372867313
2021-01-13,-0.1509459505195113
2021-01-14,0.1495004318129747
2021-01-18,0.9041519537970049
2021-01-19,-1.001704739174906
2021-01-20,1.4545454545454546
2021-01-21,-0.41526729786453376
2021-01-22,0.8626452952000986
2021-01-25,0.29699868796271456
2021-01-26,0.9519668312484555
2021-01-27,-1.2721062586187242
2021-01-28,24.75
2021-02-01,0.49198180426516985
2021-02-02,2.000611597486182
2021-02-03,-1.0264471517622173
2021-02-04,0.33468060549557843
2021-02-05,-0.0010982036646541382
2021-02-08,0.8963213520966996
2021-02-09,0.21747955601151603
2021-02-10,1.3719178499833862
2021-02-15,0.27087293737286083
2021-02-16,0.09131988669784619
2021-02-17,0.21603618686168577
2021-02-18,0.46324370119924524
2021-02-19,0.49475662936201
2021-02-22,0.08071804835925019
2021-02-23,0.487936238805913
2021-02-24,2.8807077408476007
2021-02-25,-2.180417830836491
2021-02-26,2.029444761554876
2021-03-02,0.21150722102887404
2021-03-03,-1.4612841924670181
2021-03-04,-0.7937640275536052
2021-03-05,0.8221790710767884
2021-03-08,1.865821429766166
2021-03-09,1.1831059530619172
2021-03-10,0.5964270200202363
2021-03-11,0.8454845982940375
2021-03-12,1.089586039278113
2021-03-15,0.4208657210786538
2021-03-16,0.12510555985214086
2021-03-17,0.37413649523023645
2021-03-18,-1.1384013244328453
2021-03-19,0.36675140471928597
2021-03-22,0.20026163389397794
2021-03-23,0.7017157500650663
2021-03-24,0.4652446220676286
2021-03-25,0.5747126436781609
2021-03-26,1.025621905659687
2021-03-29,0.30500635298653545
2021-03-30,0.3697105686896021
2021-03-31,0.112873973781955
2021-04-01,0.9072965229104681
2021-04-02,0.547893956895934
2021-04-05,0.982789235622722
2021-04-06,0.11221116609167117
2021-04-07,-0.036050046377269024
2021-04-08,-0.1723437042079091
2021-04-09,-0.030786316442967747
2021-04-12,0.23306666945652083
2021-04-13,0.5938360275805478
2021-04-14,-0.1011520046832913
2021-04-15,-0.25770949252399405
2021-04-16,0.4748393570633629
2021-04-19,-0.502433543061041
2021-04-20,-0.37582068964700444
2021-04-21,0.45592473685941637
2021-04-22,-0.38087435732209673
2021-04-23,-0.23896513258215374
2021-04-26,-0.04144711614493291
2021-04-27,1.2511870247197252
2021-04-28,-0.47121507206289875
2021-04-29,0.5274664148453821
2021-04-30,0.7481500380630084
2021-05-04,0.0
2021-05-06,1.1225586730811639
2021-05-07,1.1448160687212279
2021-05-10,-0.666691616138366
2021-05-11,-0.2532245715554686
2021-05-12,-1.5650738756145888
2021-05-13,0.9633439335353216
2021-05-14,1.5180423349891754
2021-05-17,0.2702642830243017
2021-05-18,0.9997415001843514
2021-05-20,0.9060060115022214
2021-05-21,-0.03851836534439333
2021-05-24,0.016435391873857792
2021-05-25,0.014276520524446392
2021-05-26,0.38910776672837133
2021-05-27,0.2336911104333496
2021-05-28,0.4147414875599059
2021-05-31,0.27063135625936574
2021-06-01,0.1835184420508512
2021-06-02,0.17902807186213357
2021-06-03,-0.41707918594613713
2021-06-04,0.9687995183940405
2021-06-07,0.0692984627705542
2021-06-08,0.4018055241306963
2021-06-09,0.14893879446437516
2021-06-10,0.3689988855243902
2021-06-11,-0.3051311836934347
2021-06-14,0.35862312913971284
2021-06-15,-0.5936742208888558
2021-06-16,-0.4016927533381495
2021-06-17,0.4420427227390016
2021-06-18,-0.6059136054459456
2021-06-21,0.9172095673373329
2021-06-22,0.1193323032227821
2021-06-23,0.22081673180384356
2021-06-24,-0.48451975790245766
2021-06-25,0.3835101513419729
2021-06-28,-0.01622752414462526
2021-06-29,0.3728515381173048
2021-06-30,0.04938318672170861
2021-07-01,0.1587117643631306
2021-07-02,0.39319739982441215
2021-07-05,0.3760099196258718
2021-07-06,-0.3373025601432356
2021-07-07,0.03502801259857273
2021-07-08,-0.4320094879665798
2021-07-09,0.8648604403699762
2021-07-13,-0.48836437467938465
2021-07-14,0.5368233436821941
2021-07-15,-0.09926397920166606
2021-07-16,-0.6877450431350819
2021-07-19,-0.9984996209564811
2021-07-20,0.5577470962086347
2021-07-21,0.4750559578761116
2021-07-22,0.289564450998089
2021-07-23,0.6241249287418231
2021-07-26,0.45860263788007394
2021-07-27,-0.13304422452951897
2021-07-28,0.49750799260149164
2021-07-29,-0.24413129190548352
2021-07-30,0.941517994071382
2021-08-02,-0.33504378487531145
2021-08-03,-0.3703305934695392
2021-08-04,0.025352640301403773
2021-08-05,0.8806077225423329
2021-08-06,-0.5139009171287605
2021-08-09,0.00739377795436527
2021-08-10,-0.025712108824543386
2021-08-11,0.26011257498220197
2021-08-12,1.3281377804974268
2021-08-13,-0.7331010674427508
2021-08-17,0.8334758761634902
2021-08-18,-0.6060606060606061
2021-08-20,1.744186046511628
2021-08-23,0.7084723843091991
2021-08-24,-0.024491620567226376
2021-08-25,2.384430968833733
2021-08-26,-0.15825657487178404
2021-08-27,0.728970577167473
2021-08-30,0.18832615668515537
2021-08-31,0.04732506972660405
2021-09-01,-0.0035734817883271907
2021-09-02,0.5559761174779626
2021-09-03,0.5005723289266335
2021-09-06,0.0018683754659315284
2021-09-07,-0.6531199728864073
2021-09-08,1.808881301442464
2021-09-09,1.0399620225247554
2021-09-10,0.03763979760670617
2021-09-13,0.21436227224008575
2021-09-14,-0.43165108866321183
2021-09-15,0.31567433802250666
2021-09-16,-0.05249924607758145
2021-09-17,-1.3243421184115676
2021-09-23,0.7331811747452075
2021-09-24,0.2014858154897252
2021-09-27,-1.3400769843021585
2021-09-28,0.22517512669465262
2021-09-30,0.32180847921510713
2021-10-01,-0.867998614896991
2021-10-06,1.3588634959851762
2021-10-07,0.16194137567748912
2021-10-08,1.361573373676248
2021-10-12,0.66206128719814
2021-10-13,0.4044819452171235
2021-10-14,-0.05103941462994068
2021-10-15,0.5435433632998631
2021-10-18,0.9578827918642727
2021-10-19,0.39835319592551693
2021-10-20,0.007473756731422868
2021-10-21,-0.41788253954887833
2021-10-22,-0.11739210292681053
2021-10-25,0.21880628427329837
2021-10-26,0.33059811981691695
2021-10-27,0.10220913516854052
2021-10-28,0.828069109393389
2021-10-29,0.7599512200927465
2021-11-01,0.0639654715985507
2021-11-02,0.4426987111121049
2021-11-03,1.3023551704086564
2021-11-04,1.6809108719725148
2021-11-05,0.15606298628000545
2021-11-08,0.1355421686746988
2021-11-09,-0.7780247697681804
2021-11-10,-0.23616196528423386
2021-11-11,1.439787379812549
2021-11-12,0.1799230240632085
2021-11-15,-0.09793343376230507
2021-11-16,0.87372963430733
2021-11-17,0.39676985857183145
2021-11-18,-0.24646192755273222
2021-11-19,0.8244429072623221
2021-11-22,-0.10845654350061404
2021-11-23,1.3254328816981051
2021-11-24,-0.4003144911847305
2021-11-25,0.30629960317460314
2021-11-26,-3.7234543208424027
2021-11-29,-0.10329198330578217
2021-11-30,0.9250177106231308
2021-12-01,0.0
2021-12-03,0.4259914303871821
2021-12-06,0.5276276829361803
2021-12-07,0.7686131369473669
2021-12-08,0.2531075039840844
2021-12-09,-0.5638824288351248
2021-12-10,0.09348872000803803
2021-12-13,-0.9094860323480567
2021-12-14,-0.13476442635852598
2021-12-15,0.5327333241400598
2021-12-16,0.09174551292406383
2021-12-17,-0.44354212300250684
2021-12-20,0.6270410445944878
2021-12-21,0.3076216405924092
2021-12-22,0.7734542150678775
2021-12-23,0.3211208732183745
2021-12-24,0.22974020102853313
2021-12-27,0.4710013058335696
2021-12-28,0.35491091661340596
2021-12-29,-0.2352895613262794
2021-12-30,-0.3356154140940236
2022-01-03,-0.048418369419307675
2022-01-04,-0.2021237355952743
2022-01-05,-1.2192017196288527
2022-01-06,0.5941465478043574
2022-01-07,0.42560933283110364
2022-01-10,-0.9137654146917632
2022-01-11,0.014900071377587443
2022-01-12,0.3148897885739991
2022-01-13,-0.11797163061343928
2022-01-14,-0.5405405405405406
2022-01-17,0.42146005617125637
2022-01-18,-1.053688252565068
2022-01-19,0.23510971786833856
2022-01-20,-0.22075055187637968
2022-01-21,-1.3552758954501452
2022-01-25,1.2869484506640012
2022-01-26,0.9634561499177088
2022-01-28,2.3124603586461396
2022-02-03,-0.7509466382410029
2022-02-04,-0.2390572020573924
2022-02-07,0.9212255969376425
2022-02-08,0.6159038796661406
2022-02-09,-0.37158604770563364
2022-02-10,-1.1707833027965795
2022-02-11,-0.576454069590076
2022-02-14,0.01669282420256658
2022-02-15,1.9112379937003967
2022-02-16,0.44052600832170913
2022-02-17,-1.013950577528759
2022-02-18,-1.754103243989838
2022-02-21,-1.908340392085086
2022-02-22,0.9059026187278642
2022-02-23,-1.0152963224806824
2022-02-24,-6.25
2022-02-25,1.2335420349676325
2022-02-28,0.6779661016949152
2022-03-02,-0.1769840794622894
2022-03-03,-0.4302279857017391
2022-03-04,-1.0581431418058145
2022-03-07,-0.8791011499791572
2022-03-08,3.1465188796535113
2022-03-10,-0.6195989445805967
2022-03-11,0.7751937984496124
2022-03-14,0.1125516485448392
2022-03-15,1.538241827991114
2022-03-16,1.3940924533542154
2022-03-17,-0.520642993357827
2022-03-18,0.7009804445915437
2022-03-21,0.18658180635422483
2022-03-22,1.046544209110643
2022-03-23,-0.8045301078812408
2022-03-24,0.5022157549352828
2022-03-25,0.007671262908595927
2022-03-28,0.7081293450435984
2022-03-29,0.7020127281629945
2022-03-30,0.20405700820486614
2022-03-31,1.3446731372560774
2022-04-01,0.18236150727757933
2022-04-04,0.3853096722651441
2022-04-05,-1.0097504044735894
2022-04-06,-1.0489793249949908
2022-04-07,1.5113350125944585
2022-04-08,-0.482463709998088
2022-04-11,0.9242144177449169
2022-04-13,0.4464904261861687
2022-04-14,-0.3539564277370447
2022-04-15,0.2434847865696555
2022-04-18,0.19926515713789295
2022-04-19,-0.17929359486084986
2022-04-20,0.2662053743146962
2022-04-21,-0.6146199793686736
2022-04-22,-1.393792780056456
2022-04-25,0.6204117549095066
2022-04-26,-2.4141657451571055
2022-04-27,0.8830022075055187
2022-04-28,-0.20406831029556274
2022-04-29,-0.7696261555892896
2022-05-02,0.22149632909112094
2022-05-03,0.3372568273929025
2022-05-04,-1.2314558822790942
2022-05-06,-0.32823600909618145
2022-05-10,-0.40705563093622793
2022-05-11,-1.2121212121212122
2022-05-12,3.5441171919546837
2022-05-13,1.9387099101935859
2022-05-16,-0.07624508792105361
2022-05-17,0.5002022151367748
2022-05-18,-2.654827401519354
2022-05-19,0.6416676475306115
2022-05-20,0.8312551879122427
2022-05-23,-0.1988587515858773
2022-05-24,0.7319894139612392
2022-05-25,0.4124566571469719
2022-05-26,1.478971746479997
2022-05-27,0.9963265800344985
2022-05-30,0.25097267108078064
2022-05-31,-0.6280182634340449
2022-06-02,0.8229008374016119
2022-06-03,-0.09909468975119413
2022-06-07,0.46782076276761053
2022-06-16,-0.9227954264561173
2022-06-20,1.2295081967213115
2022-06-21,0.39254337372624254
2022-06-22,-0.6685972366513838
2022-06-23,1.3006601870529984
2022-06-24,0.9572357407764459
2022-06-27,0.19266739486783696
2022-06-28,-1.4452732531734012
2022-06-29,-0.13093952563269365
2022-06-30,0.8389892815080443
2022-07-01,0.25422656804801563
2022-07-04,0.7196564474834307
2022-07-05,-0.910952481450966
2022-07-06,1.3087453349934661
2022-07-07,1.1616141495942438
2022-07-08,0.2533070097396409
2022-07-11,-0.7831164462691331
2022-07-12,0.13372774887027133
2022-07-13,-0.8586668554174158
2022-07-14,0.7534308429889947
2022-07-15,1.2074482771515564
2022-07-18,-0.4818123523159495
2022-07-19,1.7385132693027785
2022-07-20,0.2860588138322176
2022-07-21,-0.40047187975806414
2022-07-22,-0.413487359450949
2022-07-25,0.00949576104317755
2022-07-26,-0.016463232894813093
2022-07-27,0.9597073170293082
2022-07-28,0.7179827942674893
2022-07-29,-0.341283366259084
2022-08-01,-0.09097794322915378
2022-08-02,-0.2755666963302683
2022-08-03,1.4582127416883504
2022-08-04,0.05876123852684949
2022-08-05,-0.46864899806076277
2022-08-08,-0.3034304173930879
2022-08-09,-0.284852844959595
2022-08-10,0.6507331954348482
2022-08-11,0.2732389251997095
2022-08-12,0.3640776699029126
2022-08-16,0.4220136797197063
2022-08-17,-0.8489422116064247
2022-08-18,0.18776918447051466
2022-08-19,-2.1922428330522767
2022-08-24,0.5084745762711864
2022-08-25,0.957286876547577
2022-08-26,-2.9232369482364047
2022-08-29,0.6252159753077222
2022-08-30,-0.599778493017075
2022-08-31,-0.47680617006383835
2022-09-01,1.8487394957983194
2022-09-02,-0.04568059306693599
2022-09-05,0.3154412599849198
2022-09-06,-0.4083858533653102
2022-09-07,0.8373205741626795
2022-09-08,1.7711634638352614
2022-09-13,-3.0525534238078555
2022-09-14,0.6975021858478317
2022-09-15,-0.40114687506461194
2022-09-16,-0.09822508117433217
2022-09-19,1.8826857343224719
2022-09-20,-1.459332603470142
2022-09-21,-0.6120060513069798
2022-09-22,0.5697640608599529
2022-09-23,-0.36375766996355324
2022-09-26,0.321290031112508
2022-09-27,-0.8875642211850596
2022-09-30,0.0
2022-10-04,0.9009009009009009
2022-10-05,0.7481704893502608
2022-10-06,-0.589564680758165
2022-10-07,-1.8843185670003613
2022-10-11,-0.1289548361791708
2022-10-12,0.010057144295804557
2022-10-13,1.7067158804722928
2022-10-14,-0.7382501123745645
2022-10-17,1.8405853636069447
2022-10-18,-0.1844896255527283
2022-10-19,-0.5759733763368318
2022-10-20,-0.6481263853490864
2022-10-21,1.759654569831992
2022-10-24,0.7256221603900692
2022-10-25,0.29955886700644224
2022-10-26,0.5014976701651037
2022-10-27,-0.15886290053913227
2022-10-28,1.1840751446357436
2022-10-31,0.05307818205158723
2022-11-01,-0.5305722273611602
2022-11-02,-2.224594855073049
2022-11-03,-0.04122109202450102
2022-11-04,-0.020779984643156016
2022-11-07,0.34088154384453756
2022-11-08,0.32127268515662216
2022-11-09,-1.0039807294879584
2022-11-10,2.994253879073937
2022-11-11,0.37531463818534727
2022-11-14,0.533435393311302
2022-11-15,0.7222832574441235
2022-11-16,0.3070773935681174
2022-11-17,-0.39035261445608266
2022-11-18,2.1645021645021645
2022-11-23,-0.6172839506172839
2022-11-24,0.3668924466338259
2022-11-25,0.38722885581153765
2022-11-28,0.3014006354307923
2022-11-29,-0.5823378216549348
2022-11-30,1.1923703484440134
2022-12-01,0.2918710190376482
2022-12-02,0.10295517259955825
2022-12-05,-0.581966289626007
2022-12-06,-1.257861635220126
2022-12-07,0.2886597215450022
2022-12-08,0.8184265278418316
2022-12-09,-0.5783954140790162
2022-12-12,0.6772364783958614
2022-12-13,0.6309489878296136
2022-12-14,-0.24270876290970578
2022-12-15,-1.211085434643088
2022-12-16,-0.12309964881481954
2022-12-19,-0.3311335542122955
2022-12-20,0.5451486150015562
2022-12-21,0.8600072193307361
2022-12-22,-0.887765439739021
2022-12-23,0.07558578987150416
2022-12-26,0.4420840946303957
2022-12-27,-1.5685221489788552
2022-12-28,-0.16397469571034765
2023-01-02,-0.03710392701682677
2023-01-03,-0.7789881297046903
2023-01-05,-0.5760414590392665
2023-01-06,1.6364563274133073
2023-01-09,-0.011178982685302858
2023-01-10,0.5077299989415246
2023-01-11,0.554043596310297
2023-01-12,0.5107562013315379
2023-01-13,0.2126902094815872
2023-01-16,-0.07507371218527421
2023-01-17,0.1216668866741702
2023-01-18,-0.8148185432747967
2023-01-19,0.01888071165818727
2023-01-20,0.3725822919385105
2023-01-25,0.18646892182824953
2023-01-26,0.142897564154247
2023-01-27,0.39890092996240234
2023-01-30,-0.26468077869654644
2023-01-31,-0.3090712648291254
2023-02-01,0.614316707738964
2023-02-02,-0.040848432574271266
2023-02-03,-0.18587360594795538
2023-02-06,-0.4000286708036819
2023-02-07,1.5381016905407148
2023-02-08,-0.7028790105533455
2023-02-09,-0.0436144534392926
2023-02-10,0.281804334603781
2023-02-13,0.21197668256491786
2023-02-14,0.10924156939626391
2023-02-15,0.5809244518921939
2023-02-16,-0.961001800607702
2023-02-17,0.48065670792696763
2023-02-20,0.20992848718229593
2023-02-21,-1.1411805125442231
2023-02-22,0.4458847444402505
2023-02-23,0.28755870987685456
2023-02-24,0.06267464271680154
2023-02-27,1.2952296540622747
2023-02-28,-0.881057268722467
2023-03-02,0.2090826566405271
2023-03-03,1.6093836303441322
2023-03-06,0.2653577803016507
2023-03-07,-1.1570463165537472
2023-03-08,1.1376820443220979
2023-03-09,-1.3686983718122052
2023-03-10,-0.6616905922147412
2023-03-14,0.9249743062692704
2023-03-17,0.0
2023-03-20,0.6884106485713527
2023-03-21,1.8350145274179852
2023-03-22,-0.4153387663481662
2023-03-23,0.3965748628605968
2023-03-24,0.8117082525819751
2023-03-27,0.48840019472922264
2023-03-28,-0.23565692133819702
2023-03-29,0.09640590496240717
2023-03-30,0.3470738220065357
2023-03-31,0.44415842623105395
2023-04-03,0.3577295692140788
2023-04-04,0.2509359844501306
2023-04-05,0.13854870233635982
2023-04-06,0.16243949023920953
2023-04-07,-0.21524044232475503
2023-04-10,-0.010056500773512523
2023-04-11,0.5254953545608664
2023-04-12,0.15738527274286834
2023-04-13,0.6390538692939945
2023-04-14,-0.02370908962456501
2023-04-17,-0.15501842611882444
2023-04-18,-0.0083692065393087
2023-04-19,-0.03222283745539559
2023-04-20,-0.11135857461024498
2023-04-21,0.6944444444444444
2023-04-24,0.2136752136752137
2023-04-25,-0.44393502638804544
2023-04-26,-0.7625272331154684
2023-04-27,0.09416195856873823
2023-04-28,0.0
2023-05-02,0.09335159334611605
2023-05-03,-0.7906860525171913
2023-05-04,0.36897190124034024
2023-05-08,-0.04498263831370661
2023-05-09,0.35038159215709364
2023-05-10,0.41725707658372463
2023-05-11,0.3120891052015654
2023-05-12,-0.6640767751330972
2023-05-15,0.9761716132569911
2023-05-16,-0.3225898978198705
2023-05-17,0.5648384827463673
2023-05-18,0.2216641530735939
2023-05-19,0.006329127932558815
2023-05-22,0.4736339895841195
2023-05-23,-0.6035130456144142
2023-05-24,0.024288267000864353
2023-05-25,-0.23124894295003268
2023-05-26,0.266012445246555
2023-05-30,0.17491436484221268
2023-05-31,-0.5961941424103937
2023-06-01,-0.0365841534943831
2023-06-02,0.5565944162117731
2023-06-05,0.05166426800568828
2023-06-07,-0.11542752209592655
2023-06-08,0.5056862095660605
2023-06-09,0.34873348755166034
2023-06-12,0.4434419283887617
2023-06-13,0.42710417500333464
2023-06-14,-0.2734745189053283
2023-06-15,0.0
2023-06-16,0.888585099111415
2023-06-19,0.651577031794832
2023-06-20,0.2665817386008892
2023-06-21,2.030456852791878
2023-06-22,-0.33611267732216377
2023-06-23,0.09101122287417343
2023-06-26,-1.3215859030837005
2023-06-27,0.36801204113315567
2023-06-28,-0.16503332288704992
2023-06-29,-0.0843163316165476
2023-06-30,0.22200030726686132
2023-07-03,0.13001574512220573
2023-07-04,0.4878048780487805
2023-07-05,0.20247136219521158
2023-07-06,-0.5866036966567348
2023-07-07,0.5220386197895619
2023-07-10,-0.6399889227360842
2023-07-11,0.6546313713809279
2023-07-12,0.7751937984496124
2023-07-13,0.7937415790094339
2023-07-14,-0.4882584777949586
2023-07-17,0.5570497969654776
2023-07-18,0.14416353247119926
2023-07-19,-0.8838379828662829
2023-07-20,-0.46616102580107865
2023-07-21,0.6872279441938863
2023-07-24,0.2633588845227893
2023-07-25,1.7217390720899886
2023-07-26,0.38283598210874265
2023-07-27,0.33906022039022543
2023-07-28,0.8597259714105848
2023-07-31,-0.35588253671121856
2023-08-01,-0.18256096755072249
2023-08-02,-0.14676967516158093
2023-08-03,0.21726629386453464
2023-08-04,-0.24747405428230795
2023-08-07,0.6094890883258265
2023-08-08,-0.2159001184366364
2023-08-09,2.181349819235709
2023-08-10,0.3260368036420246
2023-08-11,0.15503123221278456
2023-08-14,-1.1064175603039563
2023-08-16,-1.0169965453687195
2023-08-17,-1.5219130751045644
2023-08-18,3.8914308502990402
2023-08-22,-1.1627906976744187
2023-08-23,4.221447202630976
2023-08-24,-1.1614692021325
2023-08-25,0.953444650477229
2023-08-28,0.3674030613698702
2023-08-29,1.0121795588012745
2023-08-30,0.12860172741425271
2023-08-31,-0.015081861884530498
2023-09-01,0.1680581086663007
2023-09-04,-0.0913870577484617
2023-09-05,0.0022500979340568657
2023-09-06,-0.47631070766422273
2023-09-07,0.12995869138170416
2023-09-08,0.6229489431111123
2023-09-11,0.4877519706662511
2023-09-12,-0.2981348622616271
2023-09-13,0.5586385443909717
2023-09-14,-2.200730460335009
2023-09-15,-0.8734434722858125
2023-09-18,0.061390781452511
2023-09-19,-0.07675713145804838
2023-09-20,-0.677606634712091
2023-09-21,-2.369510334371137
2023-09-25,-0.46857373247323725
2023-09-26,-1.1502272901089254
2023-09-27,2.8379673994040284
2023-10-06,1.3122160498450877
2023-10-10,0.98075095190856
2023-10-11,0.7902448494216239
2023-10-12,-0.9313795076768121
2023-10-13,-0.6890501021249216
2023-10-16,1.0017836620279374
2023-10-17,0.06314242331140406
2023-10-18,-1.0779831618130766
2023-10-19,-1.2304796785893672
2023-10-20,0.8493319715640347
2023-10-23,1.117636631290126
2023-10-24,-0.001390163205160286
2023-10-25,-1.6091954022988506
2023-10-26,1.747311827956989
2023-10-27,0.03199334521225619
2023-10-30,2.0192037370598634
2023-10-31,0.7221066000124476
2023-11-01,1.7804926021933434
2023-11-02,0.561694957973644
2023-11-03,1.1850294324521928
2023-11-06,-0.28557928160310586
2023-11-07,0.27915384330081633
2023-11-08,0.3841607492157213
2023-11-09,-1.4368781767124301
2023-11-10,1.2372109434890377
2023-11-13,0.425337991797053
2023-11-14,1.7687597371199002
2023-11-15,-0.007576219906901712
2023-11-16,-0.5800751751033081
2023-11-17,-0.9623936901906296
2023-11-20,0.6580291475694644
2023-11-21,-0.2478185991058872
2023-11-22,0.11776290669399732
2023-11-23,0.18510382244708967
2023-11-24,0.36577010800815274
2023-11-28,-0.6024222488038278
2023-11-29,-1.65455231087661
2023-11-30,-0.11022042101953788
2023-12-01,0.9937150244522506
2023-12-04,0.07931452181418704
2023-12-05,0.0639386189258312
2023-12-06,-0.31714362478628816
2023-12-07,0.35977771258437613
2023-12-08,0.2702702702702703
2023-12-11,0.4838693919119815
2023-12-12,0.20704145948496286
2023-12-13,1.547814905796391
2023-12-14,-0.1223079088855911
2023-12-15,-0.416427647832761
2023-12-18,-0.3990985025462876
2023-12-19,0.8849402829511336
2023-12-20,-0.8669216133699924
2023-12-21,-0.11097018005156575
2023-12-22,2.943325767889819
2023-12-26,-0.7562113623353408
2023-12-27,-0.4808214205458851
2023-12-28,-0.38022813688212925
2024-01-02,-1.7661291616796009
2024-01-03,0.1890359168241966
2024-01-04,0.17555297548063936
2024-01-05,0.5668870857824346
2024-01-08,0.7716049382716049
2024-01-09,0.18323077913417973
2024-01-10,0.9082891966323481
2024-01-11,-0.7808499318325408
2024-01-12,0.1810564629082699
2024-01-15,-1.0452961672473868
2024-01-16,-1.5480506254444053
2024-01-17,0.10537407797681769
2024-01-18,-0.743099787685775
2024-01-19,-0.2771967125041437
2024-01-22,-0.5237981587995366
2024-01-23,0.9561981351314257
2024-01-24,0.3989473702864445
2024-01-25,-0.2539523430738677
2024-01-26,0.7363752016248999
2024-01-29,0.776037755130312
2024-01-30,-0.09406298491565805
2024-01-31,-0.2711052938305318
2024-02-01,0.27463241013666856
2024-02-02,0.5463228995716137
2024-02-05,-0.3381363644641592
2024-02-06,0.5835702744752349
2024-02-07,0.3292982363927799
2024-02-08,1.7720417601152243
2024-02-13,-1.3327939347778786
2024-02-14,1.3188419321474725
2024-02-15,1.1804263347467672
2024-02-16,0.04354748163943125
2024-02-19,0.13359328023285086
2024-02-20,-0.6773515344993569
2024-02-21,0.4649054674287105
2024-02-22,0.28901355244220917
2024-02-23,0.22254081422252142
2024-02-26,0.6610061527672793
2024-02-27,0.39763462074861045
2024-02-28,-0.05092281050995264
2024-02-29,-0.43227665706051877
2024-03-04,-0.4382790869391031
2024-03-05,-0.49781815191603984
2024-03-06,0.2704918467882977
2024-03-07,0.8931245811773313
2024-03-08,-0.34642603277386036
2024-03-11,1.0389640503886746
2024-03-12,0.36014201526518647
2024-03-13,-0.14371440028341032
2024-03-14,0.38775815983692113
2024-03-15,0.37163592553905794
2024-03-18,0.03795011805491756
2024-03-19,0.8525925045916923
2024-03-20,-1.0713434576490273
2024-03-21,-0.3219284677430101
2024-03-22,0.008043003916445203
2024-03-25,0.3529411316905408
2024-03-26,-0.7610012195203286
2024-03-27,-0.002491573789901416
2024-03-28,0.3645013293268307
2024-03-29,1.7991952408261083
2024-04-01,-0.1583030549399604
2024-04-02,-0.16739053332424067
2024-04-03,0.35518428179803546
2024-04-04,-0.9532386276422873
2024-04-05,1.0395913154533845
2024-04-08,0.0
2024-04-09,0.34403669724770647
2024-04-11,0.7702783341309369
2024-04-15,-0.42162905385804494
2024-04-16,0.16720124067947753
2024-04-17,0.48284787690812553
2024-04-18,-0.32999164578111945
2024-04-19,0.07757951900698215
2024-04-22,0.10836403225602269
2024-04-23,0.5296030178521575
2024-04-24,-0.7120771173218389
2024-04-25,0.8440621045506712
2024-04-26,0.31200207227952353
2024-04-29,0.3372796489003779
2024-04-30,-0.43621774864994767
2024-05-02,0.6643603397250591
2024-05-03,1.1740135258207804
2024-05-07,0.48055007714018777
2024-05-08,-0.15141595746295924
2024-05-09,0.30997822868097713
2024-05-10,0.45984104312280494
2024-05-13,-0.0022220316319567232
2024-05-14,4.931972789115646
2024-05-16,-0.3503802206039541
2024-05-17,0.5961119948649158
2024-05-20,0.0
2024-05-21,0.4162896449785597
2024-05-22,0.4512711864406781
2024-05-23,-0.8271483915093896
2024-05-27,-0.4214890002533179
2024-05-28,-0.897939087008511
2024-05-29,-0.9120161926458187
2024-05-30,-1.3016078950223018
2024-05-31,0.5543703821778986
2024-06-03,-0.6258231086277153
2024-06-04,0.42884385539576747
2024-06-05,0.5167083018552221
2024-06-07,-0.5854979971452092
2024-06-10,0.2624034272696731
2024-06-11,0.29475487090468655
2024-06-12,0.5865030890707186
2024-06-13,0.8222182642574484
2024-06-14,0.2822235640048268
2024-06-17,0.6828022106778491
2024-06-18,-0.16579990259869742
2024-06-19,-0.3450597037322872
2024-06-20,-0.18957039307152332
2024-06-21,0.035277531862709884
2024-06-24,0.7990661774606963
2024-06-25,-0.8853723630355933
2024-06-26,-0.5775621884038019
2024-06-27,0.8598692931262547
2024-06-28,0.0050414828435045
2024-07-01,-0.29405164821881763
2024-07-02,0.9005635317456924
2024-07-03,0.872928762093416
2024-07-04,0.6514690479123236
2024-07-05,0.12712756148741225
2024-07-08,0.9239704265643301
2024-07-09,-0.10077308863535331
2024-07-10,0.7857678416564934
2024-07-11,-0.2640522672158665
2024-07-12,0.32583907497987064
2024-07-15,0.5106569368276833
2024-07-16,0.39799999727144025
2024-07-17,-0.8330159702486564
2024-07-18,-0.5256311875932527
2024-07-19,1.2100097271125667
2024-07-22,-0.05007378938047015
2024-07-23,-0.9044424772892972
2024-07-24,-1.9787769876093602
2024-07-25,0.6290944319113333
2024-07-26,0.6676741822145914
2024-07-29,-0.996615111349431
2024-07-30,0.31343893601979494
2024-07-31,-0.8253736192611288
2024-08-01,-1.712737258863689
2024-08-02,-0.7313641017402635
2024-08-07,0.8987417615338525
2024-08-09,-0.005640315548906405
2024-08-12,0.32206996967301443
2024-08-13,0.4442406375830161
2024-08-14,1.4721220298364226
2024-08-16,1.7206359972175254
2024-08-19,1.1373898390339476
2024-08-20,0.46707085293333345
2024-08-21,0.7923168735706455
2024-08-22,-1.2139573754723578
2024-08-23,0.6272755907896211
2024-08-26,-0.10370220647150273
2024-08-27,-0.1026779384731551
2024-08-28,-0.28282702711793406
2024-08-29,0.23653322622394787
2024-08-30,0.2725946853602911
2024-09-02,0.9497365290401821
2024-09-03,-2.915435075702558
2024-09-04,0.4016064257028112
2024-09-06,-0.992063492063492
2024-09-09,0.4063719166273765
2024-09-10,0.0972644234595703
2024-09-11,0.20655187523080426
2024-09-12,0.36319612590799033
2024-09-13,0.6486333482423486
2024-09-19,0.5174408327664771
2024-09-20,0.6375719378533635
2024-09-23,0.32853452731632626
2024-09-24,0.9331739532713667
2024-09-25,0.7023225097141398
2024-09-26,0.3634363838111839
2024-09-27,0.7862937919774243
2024-09-30,-1.0207074237652698
2024-10-02,0.24650368082040708
2024-10-04,0.22981265386896796
2024-10-07,-0.45819014891179843
2024-10-08,1.1326601593339087
2024-10-10,0.613599348534202
2024-10-11,0.37061921217139343
2024-10-14,0.47244094488188976
2024-10-15,-1.5603546034631082
2024-10-16,0.30852970394056567
2024-10-17,-0.1772984188918896
2024-10-18,0.1171173283119811
2024-10-21,-1.0395648898238359
2024-10-22,1.6682113067655238
2024-10-23,0.02717391304347826
2024-10-24,0.9089066324568456
2024-10-25,-0.551006038599605
2024-10-28,-0.620959755397943
2024-10-29,-0.8789487104918181
2024-10-30,-0.3799327005039264
2024-10-31,-1.0023939315490864
2024-11-01,-0.017934243424675818
2024-11-04,-0.6135082286293722
2024-11-05,1.1279016428573292
2024-11-06,-0.7871114168097819
2024-11-07,0.6214205276569439
2024-11-08,1.3225640999499375
2024-11-11,0.10489590354446143
2024-11-12,-0.28142698976918634
2024-11-13,0.8322243040613563
2024-11-14,-2.5210084033613445
2024-11-15,0.0
2024-11-18,-0.2545285471345207
2024-11-19,-0.6538528914550499
2024-11-20,0.17287823031359928
2024-11-21,1.0380393368280412
2024-11-22,0.7189511346333908
2024-11-25,-0.733788852678985
2024-11-26,0.7950926223413072
2024-11-27,0.4201564482493359
2024-11-28,0.19238990058024727
2024-11-29,1.0360082165401225
2024-12-02,1.0984734854644238
2024-12-03,-1.7314275835005144
2024-12-04,-0.02856781756348147
2024-12-05,0.0
2024-12-06,-1.8109900013175828
2024-12-09,0.9041020425459785
2024-12-10,-0.1673001644839169
2024-12-11,0.9718612198339726
2024-12-12,0.11367377030573386
2024-12-13,1.353562659498979
2024-12-16,0.23175605484020806
2024-12-17,0.2979100788324692
2024-12-18,-2.648060450655762
2024-12-19,-0.09444441324295733
2024-12-20,-0.423728813559322
2024-12-23,1.1490296354576448
2024-12-24,0.3566092871595644
2024-12-26,-0.1278873164153329
2024-12-27,-0.6132950840683937
2024-12-30,0.5833622083919136
2025-01-02,0.7720588235294118
2025-01-03,0.7414329696999377
2025-01-06,1.7072524896777004
2025-01-07,-0.6311106717977238
2025-01-08,-0.3141740787344743
2025-01-09,-0.5638667440146786
2025-01-10,-0.29151845565979084
2025-01-13,0.39895598193193355
2025-01-14,0.36873938388223054
2025-01-15,0.3700655164203394
2025-01-16,-0.7829477609319271
2025-01-17,0.0
2025-01-20,0.07867331699366945
2025-01-21,0.4578321401098942
2025-01-22,0.16864822153906933
2025-01-23,0.18169750735527881
2025-01-24,0.6152648521202034
2025-01-31,-1.5792061065183438
2025-02-03,0.6274217617550972
2025-02-04,0.5501606174953535
2025-02-05,0.5927748402925977
2025-02-06,-0.680144575827791
2025-02-07,-0.005129690873080425
2025-02-10,0.5345762886792399
2025-02-11,0.225444894053555
2025-02-12,0.6785752250683348
2025-02-13,-0.20074354058502236
2025-02-14,0.6821355612994529
2025-02-17,0.31013797490155953
2025-02-18,0.09677312215396071
2025-02-19,0.007635240495902913
2025-02-20,0.2987227831269861
2025-02-21,-1.0188939226602418
2025-02-24,0.18026152723946864
2025-02-25,-0.1758499413833529
2025-02-26,-0.08448147704534564
2025-02-27,-1.7897279105430344
2025-02-28,-0.34762456546929316
2025-03-04,0.0
2025-03-05,-0.970743890111197
2025-03-06,-0.41979824405822114
2025-03-07,-0.25147105597964375
2025-03-10,-2.4142476864812834
2025-03-11,0.43378618960337706
2025-03-12,-0.097660749497346
2025-03-13,0.0
2025-03-14,1.8427951448985358
2025-03-17,0.26542630792621097
2025-03-18,-0.13013165970663498
2025-03-19,0.30976691559934977
2025-03-20,-0.633473325244189
2025-03-21,-0.5591046357009689
2025-03-24,5.262862866556885
2025-03-25,-0.08131482730334605
2025-03-26,-0.938060941169899
2025-03-27,0.13521871594425075
2025-03-28,-1.521348720447342
2025-04-01,0.35051794748253434
2025-04-02,-2.33362143474503
2025-04-03,0.8644004678039243
2025-04-04,-2.830350186907709
2025-04-07,2.4752475247524752
2025-04-08,-2.2549019607843137
2025-04-09,2.5321944148798443
2025-04-10,1.2205833284264658
2025-04-11,2.615985088627812
2025-04-14,-0.3453728525780057
2025-04-15,-0.12107357183459047
2025-04-16,0.2886796636278669
2025-04-17,0.9012621461231664
2025-04-18,0.380457261427566
2025-04-21,-0.35826841339404625
2025-04-22,2.085174845951947
2025-04-23,0.3546654264493326
2025-04-24,1.0745409229551548
2025-04-25,0.18169609407352796
2025-04-28,0.4759849783534957
2025-04-29,-0.08858422435975698
2025-04-30,0.5986679619444748
2025-05-02,2.631578947368421
2025-05-07,-0.45062828504830804
2025-05-08,-4.624277456647398
2025-05-12,2.9305624426321173
2025-05-13,-0.07644265907886294
2025-05-14,1.712215710210393
2025-05-15,0.4373475479838248
2025-05-16,0.542663465260758
2025-05-19,0.8482563619227144
2025-05-20,-0.25187668941681923
2025-05-21,-0.7805720403735784
2025-05-22,0.4250743570904959
2025-05-23,0.5595117914017808
2025-05-26,-0.6943519369512142
2025-05-27,0.36103152723375603
2025-05-28,0.0
2025-05-29,-0.5936547664006113
2025-05-30,0.16603876929171119
2025-06-02,1.4640839713984204
2025-06-04,0.4655953932594935
2025-06-05,1.1705751449536472
2025-06-09,1.3528281602653718
2025-06-10,0.42371380572076
2025-06-11,-0.05157297546353775
2025-06-12,0.3141889385226186
2025-06-13,2.1484676136268632
2025-06-18,0.2170374389582203
2025-06-20,-1.9044742876300351
2025-06-23,3.3930444042208436
2025-06-24,1.6929231215584275
2025-06-25,1.4117791190284492
2025-06-26,-0.17365426884896512
